method,E,Ta_c_true,k_c_true,Ta_c_pred,k_c_pred,curve_MAPE,covered_frac,err_Ta_c_pct,err_k_c
PCHIP-2D,0.0002,184.54029999999997,5.0,190.08815317918013,5.0,4.113344538048478,1.0,3.0063098299830227,0.0
Branch-interp,0.0002,184.54029999999997,5.0,183.72604890490996,5.0,0.9159267160581473,1.0,0.44123212929101374,0.0
PCHIP-1D,0.0002,184.54029999999997,5.0,190.08815317918013,5.0,,,3.0063098299830227,0.0
PCHIP-2D,0.0003,183.7264999999999,5.0,185.7701564381148,5.0,1.7678954917387704,1.0,1.1123362378943291,0.0
Branch-interp,0.0003,183.7264999999999,5.0,183.72604890490996,5.0,0.12130589926554075,1.0,0.00024552532701394014,0.0
PCHIP-1D,0.0003,183.7264999999999,5.0,185.7701564381148,5.0,,,1.1123362378943291,0.0
PCHIP-2D,0.0009,178.40270000000004,5.0,178.4007919720431,5.0,0.3647051840809589,1.0,0.0010695062109156162,0.0
Branch-interp,0.0009,178.40270000000004,5.0,178.6378266290308,5.0,0.12502157245362847,1.0,0.1317954431355295,0.0
PCHIP-1D,0.0009,178.40270000000004,5.0,178.4007919720431,5.0,,,0.0010695062109156162,0.0
PCHIP-2D,0.0014,174.32870000000003,5.0,174.51688180611032,5.0,1.1937084701090768,1.0,0.10794654357559885,0.0
Branch-interp,0.0014,174.32870000000003,5.0,175.19497282915518,5.0,0.8536833840862141,1.0,0.49691922738777095,0.0
PCHIP-1D,0.0014,174.32870000000003,5.0,174.51688180611032,5.0,,,0.10794654357559885,0.0
PCHIP-2D,0.0015,173.69099999999992,5.0,173.7503330282774,5.0,0.7856093640612574,1.0,0.0341601051738305,0.0
Branch-interp,0.0015,173.69099999999992,5.0,174.21466713135845,5.0,0.556650669612432,1.0,0.3014935323986556,0.0
PCHIP-1D,0.0015,173.69099999999992,5.0,173.7503330282774,5.0,,,0.0341601051738305,0.0
PCHIP-2D,0.0034,162.64490000000006,4.9,162.65883034875364,4.9,0.16969167379730862,1.0,0.008564885067752215,0.0
Branch-interp,0.0034,162.64490000000006,4.9,162.6569508909193,4.8,0.2504082206944808,1.0,0.007409326034335528,0.10000000000000053
PCHIP-1D,0.0034,162.64490000000006,4.9,162.65950984271635,4.9,,,0.008982662669576591,0.0
PCHIP-2D,0.0037,160.9842,4.8,161.09677635708985,4.8,0.37526391526581926,1.0,0.06993006586353268,0.0
Branch-interp,0.0037,160.9842,4.8,161.1164505985968,4.8,0.5208157253803314,1.0,0.0821512909942701,0.0
PCHIP-1D,0.0037,160.9842,4.8,161.0956944648333,4.824727281944061,,,0.06925801714285917,0.024727281944061374
PCHIP-2D,0.0052,155.13189999999997,4.7,155.2804808239998,4.7,0.38144919121677356,1.0,0.0957770929124413,0.0
Branch-interp,0.0052,155.13189999999997,4.7,154.8489428571429,4.7,0.6813323826045355,1.0,0.182397780764032,0.0
PCHIP-1D,0.0052,155.13189999999997,4.7,155.2804808239998,4.7,,,0.0957770929124413,0.0
PCHIP-2D,0.0055,154.27010000000007,4.7,154.270074294758,4.7,0.004822258390841903,1.0,1.666249135334752e-05,0.0
Branch-interp,0.0055,154.27010000000007,4.7,154.28677095957036,4.7,0.05281239582778752,1.0,0.010806345215486068,0.0
PCHIP-1D,0.0055,154.27010000000007,4.7,154.2701321226768,4.7,,,2.0822360746741708e-05,0.0
PCHIP-2D,0.0066,151.09699999999995,4.5,150.9653469718657,4.5,0.3789134466704436,1.0,0.0871314639829035,0.0
Branch-interp,0.0066,151.09699999999995,4.5,150.98074526880572,4.5,0.3458149375152904,1.0,0.07694046287763934,0.0
PCHIP-1D,0.0066,151.09699999999995,4.5,150.50936916708454,7.178977827137986,,,0.38890966261104776,2.6789778271379863
PCHIP-2D,0.0071,145.12379999999996,9.6,145.06924598792682,9.6,0.1611565095989296,1.0,0.03759136135709218,0.0
Branch-interp,0.0071,145.12379999999996,9.6,145.06218732013565,9.6,0.22495982191564934,1.0,0.0424552553504709,0.0
PCHIP-1D,0.0071,145.12379999999996,9.6,145.06924598792682,9.6,,,0.03759136135709218,0.0
PCHIP-2D,0.0097,121.27450000000003,9.5,121.7288112812311,9.5,0.35726830017899414,1.0,0.3746140212749438,0.0
Branch-interp,0.0097,121.27450000000003,9.5,121.70348789655026,9.5,0.37655465619449163,1.0,0.35373297482177435,0.0
PCHIP-1D,0.0097,121.27450000000003,9.5,121.7288112812311,9.5,,,0.3746140212749438,0.0
PCHIP-2D,0.0103,116.96989999999994,9.5,117.06282548330216,9.5,0.12546527950565178,1.0,0.07944392814067669,0.0
Branch-interp,0.0103,116.96989999999994,9.5,117.03484338477267,9.5,0.18084822605882256,1.0,0.055521450195938904,0.0
PCHIP-1D,0.0103,116.96989999999994,9.5,117.06282548330216,9.5,,,0.07944392814067669,0.0
PCHIP-2D,0.0119,106.76069999999996,9.6,106.50046059801353,9.6,0.2506674296542655,1.0,0.2437595500838996,0.0
Branch-interp,0.0119,106.76069999999996,9.6,106.51090095666696,9.6,0.26079872801074705,1.0,0.23398033483575942,0.0
PCHIP-1D,0.0119,106.76069999999996,9.6,106.50180778893547,9.6,,,0.24249767101984787,0.0
PCHIP-2D,0.0124,103.56579999999995,9.6,103.56664850114346,9.6,0.27184048604411726,1.0,0.0008192870073919778,0.0
Branch-interp,0.0124,103.56579999999995,9.6,105.32144749579832,9.6,1.5863480432783812,1.0,1.6952000523323019,0.0
PCHIP-1D,0.0124,103.56579999999995,9.6,103.55942454789215,9.614215472059644,,,0.006155943475361081,0.014215472059644796
PCHIP-2D,0.0127,101.88,9.7,101.87922306289819,9.7,0.24156175844425395,1.0,0.0007626002177074653,0.0
Branch-interp,0.0127,101.88,9.7,100.2787157894737,9.7,1.3899483600369043,1.0,1.5717355815923706,0.0
PCHIP-1D,0.0127,101.88,9.7,101.87615898235073,9.650448696495095,,,0.0037701390353972464,0.049551303504904
PCHIP-2D,0.0156,87.7727,10.2,87.9155259534441,10.2,0.1973886406650739,1.0,0.16272252470768134,0.0
Branch-interp,0.0156,87.7727,10.2,87.89788239950002,10.2,0.1771122102207129,1.0,0.142621110550345,0.0
PCHIP-1D,0.0156,87.7727,10.2,87.91893543621974,10.290977301004713,,,0.1666069702991324,0.09097730100471324
PCHIP-2D,0.0174,81.11480000000002,10.7,81.1439545753959,10.7,0.20230241083532943,1.0,0.03594236242445703,0.0
Branch-interp,0.0174,81.11480000000002,10.7,80.11101885714285,10.7,1.5181726191737077,1.0,1.237482115294819,0.0
PCHIP-1D,0.0174,81.11480000000002,10.7,81.13758923453902,10.646797552694107,,,0.028095038807962602,0.05320244730589252
PCHIP-2D,0.0186,77.2257,11.0,77.22808694857866,11.0,0.15217549257834595,1.0,0.003090873347422196,0.0
Branch-interp,0.0186,77.2257,11.0,77.24472628903685,11.0,0.07853617730494737,1.0,0.024637250341319472,0.0
PCHIP-1D,0.0186,77.2257,11.0,77.22580609774249,10.94996063420308,,,0.00013738657271833432,0.05003936579691981
PCHIP-2D,0.019,75.78650000000002,11.1,76.01859099280854,11.1,0.4334235593727989,1.0,0.3062431868585014,0.0
Branch-interp,0.019,75.78650000000002,11.1,76.32460955555555,11.0,0.9148933767986412,1.0,0.7100335225344034,0.09999999999999964
PCHIP-1D,0.019,75.78650000000002,11.1,76.02256064462587,11.027337310409928,,,0.31148112741168354,0.0726626895900715
PCHIP-2D,0.0195,74.56459999999998,11.2,74.43760785674635,11.2,0.24574753507660974,1.0,0.17031157312401568,0.0
Branch-interp,0.0195,74.56459999999998,11.2,74.17106326530612,11.3,0.6970253726356379,1.0,0.5277795826623688,0.10000000000000142
PCHIP-1D,0.0195,74.56459999999998,11.2,74.43860035580188,11.276437884292262,,,0.16898051380696,0.07643788429226284
PCHIP-2D,0.0203,72.12160000000002,11.5,72.062951803753,11.5,0.2562038945433967,1.0,0.08131849022625648,0.0
Branch-interp,0.0203,72.12160000000002,11.5,72.14523202044997,11.5,0.18893161864481697,1.0,0.03276691095310813,0.0
PCHIP-1D,0.0203,72.12160000000002,11.5,72.05506018717661,11.531601844684735,,,0.0922605888158401,0.031601844684734814
PCHIP-2D,0.0218,68.56349999999999,12.1,68.54506255187647,12.1,0.16988473969005688,1.0,0.026891054458311192,0.0
Branch-interp,0.0218,68.56349999999999,12.1,68.57803476414996,12.1,0.08447429411859661,1.0,0.02119898218435612,0.0
PCHIP-1D,0.0218,68.56349999999999,12.1,68.53988195102788,12.058461320040557,,,0.0344469710153561,0.041538679959442604
PCHIP-2D,0.0239,64.71120000000002,13.1,64.68762862251383,13.1,0.09010847027198253,1.0,0.036425498964931524,0.0
Branch-interp,0.0239,64.71120000000002,13.1,64.72671400602069,13.1,0.03473578663415554,1.0,0.02397422087778711,0.0
PCHIP-1D,0.0239,64.71120000000002,13.1,64.7145963874507,13.082584831950399,,,0.005248531089940833,0.017415168049600638
PCHIP-2D,0.0256,62.27359999999999,14.2,62.21514664396503,14.2,0.0918684503403349,1.0,0.09386538763610508,0.0
Branch-interp,0.0256,62.27359999999999,14.2,62.279092357201165,14.2,0.033028212588613014,1.0,0.008819720075892157,0.0
PCHIP-1D,0.0256,62.27359999999999,14.2,62.262370397775484,14.230818356660384,,,0.018032685157920447,0.030818356660384794
PCHIP-2D,0.0262,61.57429999999999,14.6,61.61997016204557,14.6,0.27712145988745884,1.0,0.07417081809388826,0.0
Branch-interp,0.0262,61.57429999999999,14.6,61.58812517214902,14.6,0.03426919213948272,1.0,0.022452828776020617,0.0
PCHIP-1D,0.0262,61.57429999999999,14.6,61.53254873704705,14.691513701378586,,,0.06780631359664113,0.09151370137858628
PCHIP-2D,0.0269,60.85369999999999,15.0,60.91486294895002,15.1,0.19999007151124001,1.0,0.10050818430107356,0.09999999999999964
Branch-interp,0.0269,60.85369999999999,15.0,60.82612811290425,15.0,0.1729747511836838,1.0,0.045308480989225686,0.0
PCHIP-1D,0.0269,60.85369999999999,15.0,60.81401845532634,15.071567760893585,,,0.0652081051335407,0.07156776089358452
PCHIP-2D,0.0291,57.93199999999999,12.5,58.002322609430024,12.4,0.21414212363014914,1.0,0.12138819552240943,0.09999999999999964
Branch-interp,0.0291,57.93199999999999,12.5,58.006579803987876,12.4,0.23522552075924363,1.0,0.12873680174667612,0.09999999999999964
PCHIP-1D,0.0291,57.93199999999999,12.5,58.001642554417735,12.429889397930529,,,0.12021431060165177,0.07011060206947128
PCHIP-2D,0.0309,56.150600000000004,13.1,56.08812330760471,13.1,0.1962790240746051,1.0,0.11126629527608012,0.0
Branch-interp,0.0309,56.150600000000004,13.1,56.17977352941177,13.1,0.10693540111563289,1.0,0.05195586407227282,0.0
PCHIP-1D,0.0309,56.150600000000004,13.1,56.059019463128685,13.042532302472614,,,0.16309805571324,0.05746769752738601
PCHIP-2D,0.0311,55.893200000000014,4.8,55.871256071107446,4.8,0.26971247540586507,1.0,0.03926046261900629,0.0
Branch-interp,0.0311,55.893200000000014,4.8,56.17977352941177,13.1,0.9271819508789686,1.0,0.5127162685474307,8.3
PCHIP-1D,0.0311,55.893200000000014,4.8,55.811905322938905,12.620765344306585,,,0.14544645334514383,7.820765344306586
PCHIP-2D,0.0343,51.86110000000001,5.0,51.892202205673556,5.0,1.1280752182070066,1.0,0.059972128770025,0.0
Branch-interp,0.0343,51.86110000000001,5.0,51.99068771583023,5.0,0.5266321412017093,0.3890020366598778,0.2498745993243956,0.0
PCHIP-1D,0.0343,51.86110000000001,5.0,51.898929015059636,4.933414096509944,,,0.07294294771924559,0.066585903490056
PCHIP-2D,0.0557,42.2989,12.5,42.52033368930775,12.8,0.353437600901131,1.0,0.5234975124831731,0.3000000000000007
Branch-interp,0.0557,42.2989,12.5,42.67501296278093,12.6,0.4451379354970836,0.3890020366598778,0.8891790632402419,0.09999999999999964
PCHIP-1D,0.0557,42.2989,12.5,42.37677058622048,12.656276169164045,,,0.1840960077460041,0.15627616916404463
PCHIP-2D,0.0629,39.591899999999995,8.1,39.56829688311843,8.1,0.5566712430281203,1.0,0.05961602469587435,0.0
Branch-interp,0.0629,39.591899999999995,8.1,38.94653789473684,8.1,2.1066899143057563,0.3890020366598778,1.6300357024117362,0.0
PCHIP-1D,0.0629,39.591899999999995,8.1,39.56829688311843,8.1,,,0.05961602469587435,0.0
PCHIP-2D,0.0714,35.88810000000001,8.2,35.90868014068811,8.2,0.39957653869692317,1.0,0.05734530579246666,0.0
Branch-interp,0.0714,35.88810000000001,8.2,35.94257524208973,8.2,0.5403991289923861,0.3890020366598778,0.1517919368529519,0.0
PCHIP-1D,0.0714,35.88810000000001,8.2,35.90646036181859,8.154391403521407,,,0.05116002747032056,0.04560859647859239
PCHIP-2D,0.0914,30.8016,6.0,30.814121894613212,6.0,0.11993678046524514,1.0,0.040653390126532685,0.0
Branch-interp,0.0914,30.8016,6.0,30.831764772301316,6.0,0.23797909512703067,0.3890020366598778,0.09793248500504781,0.0
PCHIP-1D,0.0914,30.8016,6.0,30.81418935673722,6.053287520505211,,,0.04087241161894184,0.05328752050521057
PCHIP-2D,0.1,29.227400000000003,6.4,29.42499474904417,6.4,0.5977944635428841,1.0,0.6760599610097673,0.0
Branch-interp,0.1,29.227400000000003,6.4,29.407773309542076,6.5,1.12182379822018,0.3890020366598778,0.6171377185178128,0.09999999999999964
PCHIP-1D,0.1,29.227400000000003,6.4,29.201641658452814,6.644077267550424,,,0.08813080036947918,0.24407726755042347
PCHIP-2D,0.1041,28.808500000000002,6.6,29.393118986650993,7.1,1.8186535507435133,1.0,2.0293281033409993,0.5
Branch-interp,0.1041,28.808500000000002,6.6,29.350343436714116,6.7,2.906734260837774,0.3890020366598778,1.8808457112106325,0.10000000000000053
PCHIP-1D,0.1041,28.808500000000002,6.6,28.489919711709195,8.321339002553483,,,1.1058551756974788,1.7213390025534832
PCHIP-2D,0.1082,28.3133,15.6,28.801955931974216,15.5,2.4321216409031914,1.0,1.725888299753886,0.09999999999999964
Branch-interp,0.1082,28.3133,15.6,29.279390246011477,7.1,3.7188542728130587,0.3890020366598778,3.412142865760881,8.5
PCHIP-1D,0.1082,28.3133,15.6,27.773605257270034,10.724697076126366,,,1.90615273645236,4.875302923873633
PCHIP-2D,0.149,27.778500000000005,16.3,27.70292561934139,16.2,0.746447984097773,1.0,0.27206069679289735,0.10000000000000142
Branch-interp,0.149,27.778500000000005,16.3,28.010094487896176,16.4,1.287360996232439,0.3890020366598778,0.8337184797457375,0.09999999999999787
PCHIP-1D,0.149,27.778500000000005,16.3,27.78886077427989,16.362997496383098,,,0.03729781766432794,0.06299749638309748
PCHIP-2D,0.1857,28.782,16.3,28.7889106207928,16.4,0.4062075053109022,1.0,0.024010217472025808,0.09999999999999787
Branch-interp,0.1857,28.782,16.3,28.869819418344218,16.2,0.2064207981519325,0.3890020366598778,0.305119235439566,0.10000000000000142
PCHIP-1D,0.1857,28.782,16.3,28.781624620443296,16.239777557601894,,,0.0013042163737875256,0.060222442398107034
PCHIP-2D,0.2388,26.951800000000006,16.5,26.953254554011185,16.6,0.0061890934260803426,1.0,0.005396871493479338,0.10000000000000142
Branch-interp,0.2388,26.951800000000006,16.5,26.961848688954742,16.6,0.05860575924860889,0.3890020366598778,0.037283925209963265,0.10000000000000142
PCHIP-1D,0.2388,26.951800000000006,16.5,26.951650522203686,16.563218060756444,,,0.0005546115521837258,0.06321806075644432
PCHIP-2D,0.3003,27.375200000000003,14.2,27.359291075972752,14.3,0.03173816914579476,1.0,0.05811436638728518,0.10000000000000142
Branch-interp,0.3003,27.375200000000003,14.2,27.383594202500614,14.2,0.05644976123730746,1.0,0.03066352940110928,0.0
PCHIP-1D,0.3003,27.375200000000003,14.2,27.371316753390655,14.166804884676079,,,0.014185272105216029,0.03319511532392028
PCHIP-2D,0.3087,27.2404,14.8,27.315710589953532,14.9,0.1509754729032207,1.0,0.2764665348288897,0.09999999999999964
Branch-interp,0.3087,27.2404,14.8,27.34090651346447,14.7,0.2702104437030693,1.0,0.36896122474145976,0.10000000000000142
PCHIP-1D,0.3087,27.2404,14.8,27.25012465944786,14.731069178524073,,,0.035699400331346,0.06893082147592722
PCHIP-2D,0.3172,27.1587,15.3,27.199689004905416,15.6,0.17285710948783714,1.0,0.15092403136165444,0.29999999999999893
Branch-interp,0.3172,27.1587,15.3,27.274946824031122,15.3,0.30232519665915003,1.0,0.42802793959624275,0.0
PCHIP-1D,0.3172,27.1587,15.3,27.160510488431484,15.267503902924387,,,0.006666329505766733,0.032496097075613406
PCHIP-2D,0.4017,27.7783,12.8,27.78398899210402,12.8,0.05156614872452238,1.0,0.02047998655072547,0.0
Branch-interp,0.4017,27.7783,12.8,27.81273158991713,12.8,0.12984051467415922,1.0,0.1239513934154779,0.0
PCHIP-1D,0.4017,27.7783,12.8,27.78264324492881,12.783402812485562,,,0.015635387798429434,0.016597187514438616
PCHIP-2D,0.4271,28.126399999999993,13.4,28.129151850991555,13.4,0.029724448898569185,1.0,0.009783872061697174,0.0
Branch-interp,0.4271,28.126399999999993,13.4,28.140548897633614,13.4,0.07898292520309987,1.0,0.05030468753064454,0.0
PCHIP-1D,0.4271,28.126399999999993,13.4,28.128657883881925,13.401841999287116,,,0.008027631982510108,0.0018419992871159252
PCHIP-2D,0.4863,29.35429999999999,14.6,29.3568227136355,14.5,0.07789363364422269,1.0,0.008594017351826189,0.09999999999999964
Branch-interp,0.4863,29.35429999999999,14.6,29.36186297010176,14.5,0.1322811173990818,1.0,0.025764436902830923,0.09999999999999964
PCHIP-1D,0.4863,29.35429999999999,14.6,29.35624365957152,14.5516919636902,,,0.006621379394244897,0.04830803630980007
PCHIP-2D,0.5116,29.9875,15.0,29.98672893271259,15.0,0.03440160356750507,1.0,0.002571295664555162,0.0
Branch-interp,0.5116,29.9875,15.0,29.990938835666043,14.9,0.08035713364483645,1.0,0.011467563705025441,0.09999999999999964
PCHIP-1D,0.5116,29.9875,15.0,29.986598639728918,14.908896866265405,,,0.0030057866480470707,0.09110313373459533
PCHIP-2D,0.537,30.655199999999997,15.3,30.657228855230475,15.3,0.1014273958375332,1.0,0.006618306944594643,0.0
Branch-interp,0.537,30.655199999999997,15.3,30.669235095983282,15.3,0.18340924917268853,1.0,0.04578373647303735,0.0
PCHIP-1D,0.537,30.655199999999997,15.3,30.656641669893414,15.3132295945492,,,0.004702855937699368,0.01322959454920003
PCHIP-2D,0.7167,31.5804,13.2,31.58302057905803,13.2,0.0293901673845431,1.0,0.008298118636962393,0.0
Branch-interp,0.7167,31.5804,13.2,31.601483988599625,13.2,0.07695941105659465,1.0,0.06676289280573844,0.0
PCHIP-1D,0.7167,31.5804,13.2,31.58130766397184,13.236060722750528,,,0.002874137033859192,0.03606072275052874
PCHIP-2D,0.7274,31.652200000000004,13.4,31.656862320660625,13.4,0.027400880007083257,1.0,0.01472984709001146,0.0
Branch-interp,0.7274,31.652200000000004,13.4,31.674351709286913,13.4,0.07715357315977016,1.0,0.06998473814430195,0.0
PCHIP-1D,0.7274,31.652200000000004,13.4,31.653513304284495,13.376093964196418,,,0.004149172204437335,0.023906035803582526
PCHIP-2D,0.7593,31.902099999999997,13.7,31.902478128482333,13.7,0.02696224627042808,1.0,0.0011852777163090522,0.0
Branch-interp,0.7593,31.902099999999997,13.7,31.911448801177066,13.7,0.046526787820217054,1.0,0.029304657615236707,0.0
PCHIP-1D,0.7593,31.902099999999997,13.7,31.901747934387238,13.749640739040005,,,0.0011035813089366187,0.04964073904000621
PCHIP-2D,0.7806,32.0927,14.0,32.09325829091626,14.0,0.03779768247895436,1.0,0.0017396196526409113,0.0
Branch-interp,0.7806,32.0927,14.0,32.11351312236761,14.0,0.07620129288139192,1.0,0.06485313597051068,0.0
PCHIP-1D,0.7806,32.0927,14.0,32.09429069458291,14.013536637869683,,,0.004956562030966616,0.013536637869682622
PCHIP-2D,0.8018,32.300900000000006,14.2,32.30367867230193,14.2,0.031020936203783708,1.0,0.008602460928086586,0.0
Branch-interp,0.8018,32.300900000000006,14.2,32.32047072564613,14.2,0.07066578506585311,1.0,0.06058879364390091,0.0
PCHIP-1D,0.8018,32.300900000000006,14.2,32.30177454969703,14.20385456864864,,,0.0027075087598804615,0.003854568648641532
PCHIP-2D,0.8231,32.524300000000004,14.4,32.52302700631891,14.4,0.011574130213371616,1.0,0.003913977183489514,0.0
Branch-interp,0.8231,32.524300000000004,14.4,32.53157186284108,14.4,0.04701828540239637,1.0,0.02235824549976506,0.0
PCHIP-1D,0.8231,32.524300000000004,14.4,32.52402560145611,14.400018124335116,,,0.0008436724046156918,1.8124335115388135e-05
PCHIP-2D,2.1204,50.67629999999998,16.7,50.66506533239298,16.7,0.05158922707585603,1.0,0.022169470949939818,0.0
Branch-interp,2.1204,50.67629999999998,16.7,50.617983581528684,16.7,0.18658328838548788,0.3890020366598778,0.11507631470983881,0.0
PCHIP-1D,2.1204,50.67629999999998,16.7,50.66472396499703,16.72100018126355,,,0.02284309431224152,0.021000181263548967
PCHIP-2D,2.5564,55.0525,16.4,55.05257771810135,16.4,0.000357626651378825,1.0,0.0001411708847820492,0.0
Branch-interp,2.5564,55.0525,16.4,55.05306765834519,16.4,0.034919003608361115,1.0,0.0010311218294978275,0.0
PCHIP-1D,2.5564,55.0525,16.4,55.05264625852203,16.4,,,0.00026567099047358766,0.0
PCHIP-2D,2.6096,55.52190000000002,16.4,55.52248435263967,16.4,0.0011479255055115583,1.0,0.0010524723391247548,0.0
Branch-interp,2.6096,55.52190000000002,16.4,55.52281883100757,16.4,0.03543529211916231,1.0,0.0016548983510222826,0.0
PCHIP-1D,2.6096,55.52190000000002,16.4,55.52248435263967,16.4,,,0.0010524723391247548,0.0
PCHIP-2D,2.6202,55.6143,16.4,55.614583834863204,16.4,0.0008978312663489432,1.0,0.0005103630958291916,0.0
Branch-interp,2.6202,55.6143,16.4,55.61492730709868,16.4,0.035040895719745814,1.0,0.0011279600726554762,0.0
PCHIP-1D,2.6202,55.6143,16.4,55.614583834863204,16.4,,,0.0005103630958291916,0.0
PCHIP-2D,3.7367,59.3921,18.6,59.3900719864588,18.6,0.0031755250580017386,1.0,0.003414618343511311,0.0
Branch-interp,3.7367,59.3921,18.6,59.381741680407586,18.6,0.03413965186930332,0.3890020366598778,0.017440568008897372,0.0
PCHIP-1D,3.7367,59.3921,18.6,59.3900719864588,18.6,,,0.003414618343511311,0.0
PCHIP-2D,4.949,61.45109999999998,18.6,61.45040888891291,18.6,0.0012242410719746567,1.0,0.0011246521007257648,0.0
Branch-interp,4.949,61.45109999999998,18.6,61.44708636997373,18.6,0.03222024441259932,0.3890020366598778,0.006531420961142231,0.0
PCHIP-1D,4.949,61.45109999999998,18.6,61.45040888891291,18.6,,,0.0011246521007257648,0.0
PCHIP-2D,6.3633,62.92680000000001,18.6,62.9256903033858,18.6,0.0018499003337838554,1.0,0.001763472183879955,0.0
Branch-interp,6.3633,62.92680000000001,18.6,62.92266955063973,18.6,0.03240975259125136,0.3890020366598778,0.006563895447209145,0.0
PCHIP-1D,6.3633,62.92680000000001,18.6,62.9256903033858,18.6,,,0.001763472183879955,0.0
PCHIP-2D,7.1714,63.5243,18.6,63.524226194742496,18.6,9.817705877998724e-05,1.0,0.00011618429089921278,0.0
Branch-interp,7.1714,63.5243,18.6,63.52346908496152,18.6,0.03220558571873591,0.3890020366598778,0.0013080270675591699,0.0
PCHIP-1D,7.1714,63.5243,18.6,63.524226194742496,18.6,,,0.00011618429089921278,0.0
PCHIP-2D,8.7878,64.406,18.6,64.4058639738475,18.6,0.0002484994704963267,1.0,0.00021120105658800625,0.0
Branch-interp,8.7878,64.406,18.6,64.40599921075808,18.6,0.032519857777640736,0.3890020366598778,1.2254167680580963e-06,0.0
PCHIP-1D,8.7878,64.406,18.6,64.4058639738475,18.6,,,0.00021120105658800625,0.0
