split,window_id,E,log10E,branch_local_id,center_pred_s,center_true_s,window_half_width,baseline_mae,baseline_rmse
train,107,0.0004,-3.39794,0,0.01,0.02,0.16,0.022474557,0.02367739
train,108,0.0005,-3.30103,0,0.01,0.02,0.16,0.021907538,0.02303363
train,109,0.0006,-3.2218487,0,0.01,0.02,0.16,0.021976778,0.023057226
train,110,0.0008,-3.09691,0,0.01,0.02,0.16,0.022532538,0.027060559
train,111,0.0008,-3.09691,1,0.0,0.11,0.16,0.06085353,0.064122684
train,112,0.001,-3.0,0,0.01,0.02,0.16,0.017638275,0.019835152
train,113,0.001,-3.0,1,0.0,0.04,0.16,0.1261682,0.1434555
train,114,0.0011,-2.9586072,0,0.01,0.02,0.16,0.016522883,0.018731957
train,115,0.0011,-2.9586072,1,0.03,0.03,0.16,0.024602622,0.026555533
train,116,0.0016,-2.79588,0,0.02,0.02,0.16,0.015114168,0.015763277
train,117,0.0016,-2.79588,1,0.63,0.63,0.16,0.057995245,0.061163776
train,118,0.0017,-2.769551,0,0.02,0.02,0.16,0.0072361985,0.00852759
train,119,0.0017,-2.769551,1,0.63,0.63,0.16,0.022336664,0.02673755
train,120,0.0018,-2.7447276,0,0.02,0.02,0.16,0.0069195055,0.0081348345
train,121,0.0018,-2.7447276,1,0.63,0.62,0.16,0.03340375,0.036614534
train,122,0.0019,-2.7212465,0,0.02,0.02,0.16,0.0065917796,0.0078052166
train,123,0.0019,-2.7212465,1,0.63,0.63,0.16,0.027706593,0.02964699
train,124,0.0021,-2.6777806,0,0.02,0.02,0.16,0.0060347402,0.006998225
train,125,0.0021,-2.6777806,1,0.02,0.01,0.16,0.010529112,0.012008132
train,126,0.0022,-2.6575773,0,0.02,0.02,0.16,0.010136307,0.012547882
train,127,0.0022,-2.6575773,1,0.01,0.01,0.16,0.008986334,0.023698142
train,128,0.0024,-2.6197886,0,0.02,0.02,0.16,0.005339877,0.0065762964
train,129,0.0024,-2.6197886,1,0.02,0.01,0.16,0.0066042724,0.0068162032
train,130,0.0025,-2.60206,0,0.03,0.02,0.16,0.011493619,0.012835679
train,131,0.0025,-2.60206,1,0.02,0.02,0.16,0.022055468,0.026741736
train,132,0.0026,-2.5850267,0,0.03,0.02,0.16,0.010073271,0.0109614665
train,133,0.0026,-2.5850267,1,0.01,0.02,0.16,0.013002901,0.015745172
train,134,0.0027,-2.5686362,0,0.02,0.02,0.16,0.0072333855,0.007815438
train,135,0.0027,-2.5686362,1,0.01,0.01,0.16,0.015296261,0.017795226
train,136,0.0028,-2.552842,0,0.02,0.02,0.16,0.006755855,0.007540897
train,137,0.0028,-2.552842,1,0.01,0.01,0.16,0.017658772,0.021057947
train,138,0.0029,-2.537602,0,0.03,0.02,0.16,0.00903191,0.009655275
train,139,0.0029,-2.537602,1,0.01,0.01,0.16,0.023383444,0.028379865
train,140,0.003,-2.5228786,0,0.03,0.02,0.16,0.009786356,0.010495375
train,141,0.003,-2.5228786,1,0.01,0.02,0.16,0.028835267,0.03560886
train,142,0.0031,-2.5086384,0,0.02,0.02,0.16,0.006646997,0.0075987102
train,143,0.0031,-2.5086384,1,0.01,0.01,0.16,0.019363038,0.023933895
train,144,0.0032,-2.49485,0,0.03,0.02,0.16,0.0073716994,0.0083180135
train,145,0.0032,-2.49485,1,0.01,0.01,0.16,0.022104487,0.027913649
train,146,0.0033,-2.481486,0,0.02,0.02,0.16,0.013959083,0.016544143
train,147,0.0035,-2.455932,0,0.02,0.02,0.16,0.013766834,0.016215624
train,148,0.0038,-2.4202163,0,0.01,0.02,0.16,0.013975127,0.016220246
train,149,0.0039,-2.4089353,0,0.01,0.02,0.16,0.013837976,0.015921472
train,150,0.004,-2.39794,0,0.03,0.02,0.16,0.009325316,0.010078186
train,151,0.004,-2.39794,1,0.01,0.01,0.16,0.010827211,0.013111832
train,152,0.0041,-2.387216,0,0.02,0.02,0.16,0.01302599,0.014741338
train,153,0.0042,-2.3767507,0,0.01,0.02,0.16,0.014531192,0.016448164
train,154,0.0043,-2.3665316,0,0.01,0.02,0.16,0.014280821,0.015878212
train,155,0.0045,-2.3467875,0,0.03,0.02,0.16,0.012491948,0.013688894
train,156,0.0045,-2.3467875,1,0.01,0.01,0.16,0.022624882,0.028379913
train,157,0.0046,-2.3372421,0,0.02,0.02,0.16,0.012727117,0.01515544
train,158,0.0046,-2.3372421,1,0.01,0.02,0.16,0.04519543,0.059621394
train,159,0.0047,-2.327902,0,0.01,0.02,0.16,0.014727366,0.015719604
train,160,0.0048,-2.3187587,0,0.03,0.02,0.16,0.013454628,0.015125026
train,161,0.0048,-2.3187587,1,0.01,0.01,0.16,0.009655352,0.011217904
train,162,0.0049,-2.309804,0,0.01,0.02,0.16,0.014978426,0.015765848
train,163,0.005,-2.30103,0,0.03,0.02,0.16,0.0141215455,0.016009087
train,164,0.005,-2.30103,1,0.01,0.01,0.16,0.010432887,0.012228832
train,165,0.0051,-2.29243,0,0.01,0.02,0.16,0.015510403,0.016176362
train,166,0.0053,-2.2757242,0,0.02,0.02,0.16,0.011495379,0.013583237
train,167,0.0053,-2.2757242,1,0.02,0.02,0.16,0.033796705,0.044545557
train,168,0.0054,-2.2676063,0,0.03,0.02,0.16,0.014851293,0.016916286
train,169,0.0054,-2.2676063,1,0.01,0.01,0.16,0.013462995,0.016968278
train,170,0.0056,-2.251812,0,0.02,0.02,0.16,0.015531414,0.018230641
train,171,0.0056,-2.251812,1,0.01,0.01,0.16,0.025617575,0.032784205
train,172,0.0057,-2.2441251,0,0.02,0.03,0.16,0.009354777,0.010930652
train,173,0.0057,-2.2441251,1,0.0,0.0,0.16,0.02394848,0.02953157
train,174,0.0058,-2.236572,0,0.02,0.03,0.16,0.0096216425,0.011240741
train,175,0.0058,-2.236572,1,0.03,0.02,0.16,0.02280443,0.02963706
train,176,0.006,-2.2218487,0,0.02,0.03,0.16,0.012160702,0.014668122
train,177,0.006,-2.2218487,1,0.01,0.01,0.16,0.021334067,0.026338005
train,178,0.0062,-2.2076082,0,0.02,0.03,0.16,0.010488946,0.01222432
train,179,0.0062,-2.2076082,1,0.01,0.01,0.16,0.016644886,0.020177292
train,180,0.0063,-2.2006595,0,0.02,0.03,0.16,0.010225844,0.011862123
train,181,0.0063,-2.2006595,1,0.0,0.0,0.16,0.023132466,0.027741898
train,182,0.0065,-2.1870866,0,0.02,0.03,0.16,0.013231344,0.015939455
train,183,0.0065,-2.1870866,1,0.01,0.01,0.16,0.013661403,0.016094698
train,184,0.0067,-2.1739252,0,0.02,0.03,0.16,0.0086407075,0.009747476
train,185,0.0067,-2.1739252,1,0.01,0.01,0.16,0.014083938,0.016044673
train,186,0.0068,-2.1674912,0,0.02,0.03,0.16,0.008458725,0.009472522
train,187,0.0068,-2.1674912,1,0.0,0.0,0.16,0.026111772,0.029808883
train,188,0.0069,-2.161151,0,0.01,0.02,0.16,0.017650375,0.019094924
train,189,0.007,-2.154902,0,0.01,0.02,0.16,0.017117538,0.01856184
train,190,0.0074,-2.1307683,0,0.01,0.02,0.16,0.01635871,0.017157162
train,191,0.0076,-2.1191864,0,0.01,0.02,0.16,0.016406031,0.016978944
train,192,0.0077,-2.1135092,0,0.01,0.02,0.16,0.016555259,0.017074887
train,193,0.008,-2.09691,0,0.02,0.02,0.16,0.01358052,0.01588357
train,194,0.008,-2.09691,1,0.01,0.41,0.16,0.10162808,0.103710145
train,195,0.0086,-2.0655015,0,0.02,0.02,0.16,0.009063957,0.0100504495
train,196,0.0086,-2.0655015,1,0.04,0.04,0.16,0.009946484,0.01312761
train,197,0.0086,-2.0655015,2,0.03,0.03,0.16,0.04932701,0.051655177
train,198,0.0087,-2.0604808,0,0.02,0.02,0.16,0.009458357,0.010553027
train,199,0.0087,-2.0604808,1,0.04,0.04,0.16,0.009448531,0.012592709
train,200,0.0087,-2.0604808,2,0.04,0.03,0.16,0.057291903,0.062184904
train,201,0.0092,-2.0362122,0,0.02,0.02,0.16,0.0037572158,0.0039353156
train,202,0.0092,-2.0362122,1,0.03,0.1,0.16,0.023829723,0.02611067
train,203,0.0092,-2.0362122,2,0.01,0.01,0.16,0.023619281,0.025037644
train,204,0.0092,-2.0362122,3,0.08,0.04,0.16,0.079831295,0.106966585
train,205,0.0092,-2.0362122,4,0.03,0.2,0.16,0.06711362,0.07167139
train,206,0.0095,-2.0222764,0,0.02,0.02,0.16,0.008556273,0.009828324
train,207,0.0095,-2.0222764,1,0.03,0.07,0.16,0.041478842,0.052840468
train,208,0.0095,-2.0222764,2,0.01,0.01,0.16,0.013677387,0.015129541
train,209,0.01,-2.0,0,0.02,0.02,0.16,0.0073159006,0.008494296
train,210,0.01,-2.0,1,0.0,0.06,0.16,0.022116192,0.023330607
train,211,0.01,-2.0,2,0.01,0.01,0.16,0.011748977,0.012399004
train,212,0.0108,-1.9665762,0,0.02,0.02,0.16,0.006197653,0.0074028433
train,213,0.0108,-1.9665762,1,0.03,0.05,0.16,0.033119313,0.035466712
train,214,0.0108,-1.9665762,2,0.01,0.01,0.16,0.012644185,0.013093419
train,215,0.0109,-1.9625735,0,0.02,0.02,0.16,0.005917591,0.0069730254
train,216,0.0109,-1.9625735,1,0.03,0.05,0.16,0.025779717,0.029718857
train,217,0.0109,-1.9625735,2,0.01,0.01,0.16,0.012065509,0.012475913
train,218,0.0112,-1.950782,0,0.02,0.03,0.16,0.006888842,0.0075441143
train,219,0.0112,-1.950782,1,0.01,0.01,0.16,0.015896682,0.016298305
train,220,0.0113,-1.9469216,0,0.02,0.03,0.16,0.0072142663,0.007927658
train,221,0.0113,-1.9469216,1,0.01,0.01,0.16,0.014860038,0.015230302
train,222,0.0115,-1.9393022,0,0.02,0.03,0.16,0.0075468444,0.008338117
train,223,0.0115,-1.9393022,1,0.01,0.01,0.16,0.013585528,0.014061363
train,224,0.0118,-1.928118,0,0.02,0.02,0.16,0.007589408,0.008468412
train,225,0.0118,-1.928118,1,0.01,0.01,0.16,0.016268134,0.0167229
train,226,0.0121,-1.9172146,0,0.02,0.02,0.16,0.007723367,0.008828104
train,227,0.0121,-1.9172146,1,0.01,0.01,0.16,0.018443031,0.020105846
train,228,0.013,-1.8860567,0,0.01,0.02,0.16,0.017196942,0.019006804
train,229,0.0133,-1.8761483,0,0.01,0.02,0.16,0.018298008,0.020513533
train,230,0.0135,-1.8696662,0,0.01,0.02,0.16,0.018220935,0.020405369
train,231,0.0136,-1.866461,0,0.02,0.02,0.16,0.0062424615,0.0073626726
train,232,0.0136,-1.866461,1,0.03,0.11,0.16,0.017657459,0.019271577
train,233,0.0136,-1.866461,2,0.14,0.14,0.16,0.03371002,0.05512564
train,234,0.0139,-1.8569852,0,0.02,0.02,0.16,0.0067408523,0.007949327
train,235,0.0139,-1.8569852,1,0.02,0.06,0.16,0.04933693,0.056902196
train,236,0.0139,-1.8569852,2,0.11,0.11,0.16,0.01644862,0.022836866
train,237,0.014,-1.853872,0,0.02,0.02,0.16,0.006832152,0.008062937
train,238,0.014,-1.853872,1,0.03,0.06,0.16,0.07056734,0.07323942
train,239,0.014,-1.853872,2,0.06,0.06,0.16,0.03356543,0.035029422
train,240,0.014,-1.853872,3,0.01,0.01,0.16,0.025570264,0.031173265
train,241,0.0142,-1.8477117,0,0.02,0.02,0.16,0.0068677026,0.008086896
train,242,0.0142,-1.8477117,1,0.0,0.94,0.16,0.030862067,0.032435164
train,243,0.0142,-1.8477117,2,0.06,0.07,0.16,0.044552024,0.046830516
train,244,0.0142,-1.8477117,3,0.01,0.01,0.16,0.034563817,0.042268313
train,245,0.0145,-1.838632,0,0.02,0.02,0.16,0.0050427616,0.00597344
train,246,0.0145,-1.838632,1,0.02,0.11,0.16,0.023246262,0.028681302
train,247,0.0145,-1.838632,2,0.06,0.06,0.16,0.039506268,0.039977524
train,248,0.0145,-1.838632,3,0.02,0.02,0.16,0.032341313,0.04540486
train,249,0.0145,-1.838632,4,0.02,0.04,0.16,0.039778277,0.04640256
train,250,0.015,-1.8239087,0,0.02,0.02,0.16,0.007664297,0.009061075
train,251,0.015,-1.8239087,1,0.14,0.1,0.16,0.05445426,0.056405395
train,252,0.015,-1.8239087,2,0.2,0.2,0.16,0.021093488,0.0363327
train,253,0.015,-1.8239087,3,0.02,0.02,0.16,0.04282522,0.053520966
train,254,0.0151,-1.8210231,0,0.02,0.02,0.16,0.0068672416,0.008207878
train,255,0.0151,-1.8210231,1,0.22,0.94,0.16,0.023371594,0.024663433
train,256,0.0151,-1.8210231,2,0.06,0.07,0.16,0.0429879,0.044102564
train,257,0.0151,-1.8210231,3,0.02,0.02,0.16,0.022165418,0.02745297
train,258,0.0151,-1.8210231,4,0.01,0.02,0.16,0.07605845,0.0942302
train,259,0.0153,-1.8153086,0,0.02,0.02,0.16,0.0065839887,0.007845764
train,260,0.0153,-1.8153086,1,0.09,0.94,0.16,0.016455276,0.018766623
train,261,0.0153,-1.8153086,2,0.06,0.07,0.16,0.04967656,0.051111206
train,262,0.0153,-1.8153086,3,0.02,0.02,0.16,0.026849844,0.03626948
train,263,0.0153,-1.8153086,4,0.05,0.02,0.16,0.08291158,0.11312859
train,264,0.0157,-1.8041004,0,0.02,0.02,0.16,0.0061461423,0.007288427
train,265,0.0157,-1.8041004,1,0.08,0.04,0.16,0.027397815,0.032846343
train,266,0.0157,-1.8041004,2,0.07,0.07,0.16,0.060540833,0.06412202
train,267,0.0157,-1.8041004,3,0.02,0.02,0.16,0.018155897,0.022306582
train,268,0.0157,-1.8041004,4,0.02,0.02,0.16,0.09911218,0.114544764
train,269,0.0159,-1.7986028,0,0.02,0.02,0.16,0.0059304857,0.0070262905
train,270,0.0159,-1.7986028,1,0.14,0.04,0.16,0.027336922,0.031103447
train,271,0.0159,-1.7986028,2,0.06,0.08,0.16,0.04494139,0.050287455
train,272,0.0159,-1.7986028,3,0.02,0.02,0.16,0.014527417,0.015217261
train,273,0.0159,-1.7986028,4,0.02,0.02,0.16,0.055121865,0.05744477
train,274,0.0162,-1.790485,0,0.02,0.02,0.16,0.005746989,0.006822482
train,275,0.0162,-1.790485,1,0.08,0.04,0.16,0.026386658,0.03179951
train,276,0.0162,-1.790485,2,0.07,0.08,0.16,0.06708948,0.072866835
train,277,0.0162,-1.790485,3,0.02,0.02,0.16,0.014225417,0.015062241
train,278,0.0162,-1.790485,4,0.03,0.02,0.16,0.0774802,0.0854795
train,279,0.0163,-1.7878124,0,0.02,0.02,0.16,0.0057390095,0.0068152384
train,280,0.0163,-1.7878124,1,0.08,1.0,0.16,0.02015466,0.023108024
train,281,0.0163,-1.7878124,2,0.07,0.08,0.16,0.099589065,0.11101921
train,282,0.0163,-1.7878124,3,0.02,0.02,0.16,0.012858704,0.013830837
train,283,0.0163,-1.7878124,4,0.03,0.05,0.16,0.06817628,0.07530081
train,284,0.0168,-1.7746907,0,0.02,0.02,0.16,0.009583879,0.011321341
train,285,0.0168,-1.7746907,1,0.07,0.03,0.16,0.03379419,0.040312808
train,286,0.0168,-1.7746907,2,0.13,0.12,0.16,0.017099082,0.020093324
train,287,0.0168,-1.7746907,3,0.04,0.03,0.16,0.081259914,0.1033254
train,288,0.0171,-1.7670039,0,0.02,0.02,0.16,0.009553476,0.011306307
train,289,0.0171,-1.7670039,1,0.07,0.03,0.16,0.029885668,0.03564896
train,290,0.0171,-1.7670039,2,0.11,0.11,0.16,0.015146428,0.017713096
train,291,0.0171,-1.7670039,3,0.07,0.05,0.16,0.04593833,0.056678943
train,292,0.0177,-1.7520267,0,0.02,0.02,0.16,0.009232514,0.011014798
train,293,0.0177,-1.7520267,1,0.14,0.08,0.16,0.008188034,0.010141049
train,294,0.0177,-1.7520267,2,0.11,0.11,0.16,0.02907218,0.039994754
train,295,0.0177,-1.7520267,3,0.88,0.94,0.16,0.023892067,0.029319048
train,296,0.0177,-1.7520267,4,0.09,0.06,0.16,0.12529632,0.15688674
train,297,0.0179,-1.747147,0,0.02,0.02,0.16,0.009210197,0.011013727
train,298,0.0179,-1.747147,1,0.08,0.08,0.16,0.028739462,0.033720333
train,299,0.0179,-1.747147,2,0.11,0.11,0.16,0.029750397,0.040944558
train,300,0.0179,-1.747147,3,0.0,0.94,0.16,0.030161848,0.03062795
train,301,0.0179,-1.747147,4,0.09,0.03,0.16,0.08525629,0.10424411
train,302,0.018,-1.7447275,0,0.02,0.02,0.16,0.0091688745,0.010965825
train,303,0.018,-1.7447275,1,0.14,0.03,0.16,0.0082516065,0.0093590515
train,304,0.018,-1.7447275,2,0.09,0.09,0.16,0.018446568,0.029547468
train,305,0.018,-1.7447275,3,0.94,0.94,0.16,0.047680505,0.05125168
train,306,0.018,-1.7447275,4,0.08,0.03,0.16,0.041872833,0.06033364
train,307,0.0183,-1.737549,0,0.02,0.02,0.16,0.008968479,0.0107356375
train,308,0.0183,-1.737549,1,0.14,0.02,0.16,0.021774879,0.025639862
train,309,0.0183,-1.737549,2,0.1,0.08,0.16,0.014619946,0.02458026
train,310,0.0183,-1.737549,3,0.0,0.88,0.16,0.038990572,0.045574903
train,311,0.0183,-1.737549,4,0.02,0.03,0.16,0.26273024,0.2805318
train,312,0.0189,-1.7235382,0,0.02,0.02,0.16,0.0060815555,0.0070853857
train,313,0.0189,-1.7235382,1,0.08,0.07,0.16,0.019405741,0.023444012
train,314,0.0189,-1.7235382,2,0.06,0.06,0.16,0.035462033,0.048246287
train,315,0.0189,-1.7235382,3,0.0,1.0,0.16,0.060671438,0.061579928
train,316,0.0189,-1.7235382,4,0.0,0.04,0.16,0.106488965,0.1085207
train,317,0.0192,-1.7166988,0,0.02,0.02,0.16,0.010478327,0.0124555025
train,318,0.0192,-1.7166988,1,0.41,0.41,0.16,0.05794093,0.06634122
train,319,0.0192,-1.7166988,2,0.0,0.06,0.16,0.021773767,0.02297368
train,320,0.0192,-1.7166988,3,0.02,0.05,0.16,0.04262478,0.04924673
train,321,0.0196,-1.7077439,0,0.02,0.02,0.16,0.012469892,0.01522011
train,322,0.0196,-1.7077439,1,0.37,0.37,0.16,0.037274987,0.04617002
train,323,0.0198,-1.7033348,0,0.02,0.02,0.16,0.012398248,0.015135235
train,324,0.0198,-1.7033348,1,0.38,0.37,0.16,0.036128175,0.046004903
train,325,0.02,-1.69897,0,0.02,0.02,0.16,0.012278048,0.014995204
train,326,0.02,-1.69897,1,0.38,0.0,0.16,0.028281577,0.037028782
train,327,0.0206,-1.6861328,0,0.02,0.02,0.16,0.011564408,0.014052601
train,328,0.0206,-1.6861328,1,0.34,0.34,0.16,0.0331123,0.044484116
train,329,0.0207,-1.6840297,0,0.02,0.02,0.16,0.011540476,0.014027506
train,330,0.0207,-1.6840297,1,0.37,0.37,0.16,0.03415214,0.053398527
train,331,0.0209,-1.6798537,0,0.02,0.02,0.16,0.0135984905,0.016617933
train,332,0.0209,-1.6798537,1,0.37,0.37,0.16,0.03097818,0.03885473
train,333,0.0212,-1.6736641,0,0.02,0.02,0.16,0.010695103,0.012666155
train,334,0.0212,-1.6736641,1,0.04,0.02,0.16,0.0121505605,0.014290398
train,335,0.0212,-1.6736641,2,0.01,0.01,0.16,0.008850891,0.009771595
train,336,0.0213,-1.6716204,0,0.02,0.02,0.16,0.010904694,0.012951144
train,337,0.0213,-1.6716204,1,0.04,0.02,0.16,0.012043517,0.01356682
train,338,0.0213,-1.6716204,2,0.01,0.01,0.16,0.0159908,0.020712677
train,339,0.0215,-1.6675615,0,0.02,0.02,0.16,0.011872845,0.014279921
train,340,0.0215,-1.6675615,1,0.04,0.02,0.16,0.017562168,0.020361144
train,341,0.0215,-1.6675615,2,0.01,0.01,0.16,0.022301449,0.029956728
train,342,0.0221,-1.6556077,0,0.02,0.02,0.16,0.009302649,0.010868711
train,343,0.0221,-1.6556077,1,0.04,0.02,0.16,0.012041901,0.014163902
train,344,0.0221,-1.6556077,2,0.01,0.01,0.16,0.009603999,0.011217607
train,345,0.0224,-1.649752,0,0.02,0.02,0.16,0.011156713,0.013352803
train,346,0.0224,-1.649752,1,0.06,0.02,0.16,0.014258706,0.016979953
train,347,0.0224,-1.649752,2,0.01,0.01,0.16,0.0030196144,0.004334262
train,348,0.0227,-1.6439742,0,0.02,0.02,0.16,0.013002035,0.01571243
train,349,0.0227,-1.6439742,1,0.01,0.01,0.16,0.05042125,0.05215539
train,350,0.0227,-1.6439742,2,0.01,0.01,0.16,0.020062424,0.02359786
train,351,0.023,-1.6382722,0,0.02,0.02,0.16,0.010464934,0.012307656
train,352,0.023,-1.6382722,1,0.05,0.02,0.16,0.0135752205,0.015747363
train,353,0.023,-1.6382722,2,0.01,0.01,0.16,0.0045614596,0.0092689255
train,354,0.0233,-1.632644,0,0.02,0.02,0.16,0.012131166,0.014546616
train,355,0.0233,-1.632644,1,0.05,0.03,0.16,0.01807414,0.020877466
train,356,0.0233,-1.632644,2,0.01,0.01,0.16,0.0053019933,0.007336236
train,357,0.0236,-1.627088,0,0.02,0.02,0.16,0.012369148,0.014900986
train,358,0.0236,-1.627088,1,0.04,0.01,0.16,0.027659642,0.03347793
train,359,0.0236,-1.627088,2,0.01,0.01,0.16,0.019126493,0.02254574
train,360,0.0242,-1.6161846,0,0.02,0.02,0.16,0.011107596,0.0132141225
train,361,0.0242,-1.6161846,1,0.04,0.03,0.16,0.0407709,0.048476905
train,362,0.0242,-1.6161846,2,0.01,0.02,0.16,0.025030846,0.03027989
train,363,0.0245,-1.6108339,0,0.02,0.02,0.16,0.0134547,0.01625141
train,364,0.0245,-1.6108339,1,0.04,0.04,0.16,0.037472498,0.045111794
train,365,0.0245,-1.6108339,2,0.01,0.02,0.16,0.028281864,0.034225836
train,366,0.0246,-1.6090649,0,0.02,0.02,0.16,0.013391152,0.016176395
train,367,0.0246,-1.6090649,1,0.02,0.01,0.16,0.026130984,0.0319612
train,368,0.0246,-1.6090649,2,0.01,0.02,0.16,0.027349742,0.03288106
train,369,0.0248,-1.6055483,0,0.02,0.02,0.16,0.013347804,0.01612616
train,370,0.0248,-1.6055483,1,0.04,0.01,0.16,0.015444545,0.020548094
train,371,0.0248,-1.6055483,2,0.01,0.02,0.16,0.018022938,0.022140536
train,372,0.025,-1.60206,0,0.02,0.02,0.16,0.011657429,0.013848324
train,373,0.025,-1.60206,1,0.05,0.04,0.16,0.028216323,0.032835428
train,374,0.025,-1.60206,2,0.01,0.02,0.16,0.010509698,0.0120856445
train,375,0.0252,-1.5985994,0,0.02,0.02,0.16,0.012426731,0.014881337
train,376,0.0252,-1.5985994,1,0.04,0.04,0.16,0.031036185,0.036587555
train,377,0.0252,-1.5985994,2,0.01,0.02,0.16,0.0045656376,0.0069259293
train,378,0.0253,-1.5968795,0,0.02,0.02,0.16,0.012878427,0.0155065255
train,379,0.0253,-1.5968795,1,0.04,0.04,0.16,0.03006432,0.035384297
train,380,0.0253,-1.5968795,2,0.02,0.02,0.16,0.0061479714,0.0077368687
train,381,0.0257,-1.5900669,0,0.02,0.02,0.16,0.012784362,0.015404267
train,382,0.0257,-1.5900669,1,0.02,0.01,0.16,0.02393345,0.027974507
train,383,0.0257,-1.5900669,2,0.02,0.02,0.16,0.020864597,0.023940744
train,384,0.0265,-1.5767541,0,0.02,0.02,0.16,0.013690849,0.016516889
train,385,0.0265,-1.5767541,1,0.02,0.01,0.16,0.027409213,0.033002675
train,386,0.0265,-1.5767541,2,0.02,0.02,0.16,0.020346433,0.021155901
train,387,0.0266,-1.5751184,0,0.02,0.02,0.16,0.013671792,0.016494397
train,388,0.0266,-1.5751184,1,0.01,0.01,0.16,0.020807372,0.02429525
train,389,0.0266,-1.5751184,2,0.03,0.02,0.16,0.014565967,0.01563724
train,390,0.0268,-1.5718652,0,0.02,0.02,0.16,0.013597719,0.01640925
train,391,0.0268,-1.5718652,1,0.12,0.01,0.16,0.01563552,0.023179809
train,392,0.0268,-1.5718652,2,0.01,0.02,0.16,0.044848207,0.051139083
train,393,0.0274,-1.5622494,0,0.02,0.02,0.16,0.013267921,0.015969647
train,394,0.0274,-1.5622494,1,0.08,0.07,0.16,0.018551862,0.019805025
train,395,0.0274,-1.5622494,2,0.05,0.02,0.16,0.02186037,0.023286164
train,396,0.0276,-1.559091,0,0.02,0.02,0.16,0.014500654,0.017519234
train,397,0.0276,-1.559091,1,0.01,0.01,0.16,0.016076129,0.016628467
train,398,0.0276,-1.559091,2,0.04,0.06,0.16,0.016867267,0.020375926
train,399,0.0279,-1.5543958,0,0.02,0.02,0.16,0.014399968,0.017400865
train,400,0.0279,-1.5543958,1,0.01,0.01,0.16,0.022233145,0.028083952
train,401,0.0279,-1.5543958,2,0.06,0.02,0.16,0.026560925,0.03258174
train,402,0.028,-1.552842,0,0.02,0.02,0.16,0.014370581,0.01736688
train,403,0.028,-1.552842,1,0.01,0.01,0.16,0.016119178,0.024611566
train,404,0.028,-1.552842,2,0.05,0.06,0.16,0.028665556,0.029339036
train,405,0.0282,-1.5497509,0,0.02,0.02,0.16,0.012853562,0.015320021
train,406,0.0282,-1.5497509,1,0.0,0.08,0.16,0.024657395,0.025718613
train,407,0.0282,-1.5497509,2,0.06,0.06,0.16,0.036578953,0.03816316
train,408,0.0284,-1.5466816,0,0.02,0.02,0.16,0.013902155,0.016730353
train,409,0.0284,-1.5466816,1,0.01,0.09,0.16,0.02488962,0.025942752
train,410,0.0284,-1.5466816,2,0.06,0.06,0.16,0.028722396,0.02953095
train,411,0.0286,-1.5436339,0,0.02,0.02,0.16,0.014041844,0.016932003
train,412,0.0286,-1.5436339,1,0.0,0.09,0.16,0.029063653,0.03135783
train,413,0.0286,-1.5436339,2,0.07,0.08,0.16,0.043033898,0.04685106
train,414,0.029,-1.537602,0,0.02,0.02,0.16,0.013928266,0.016803984
train,415,0.029,-1.537602,1,0.01,0.0,0.16,0.033616226,0.03794059
train,416,0.029,-1.537602,2,0.05,0.07,0.16,0.034548547,0.036094557
train,417,0.0293,-1.5331324,0,0.02,0.02,0.16,0.013125746,0.015608286
train,418,0.0293,-1.5331324,1,0.0,0.09,0.16,0.048622053,0.054418575
train,419,0.0293,-1.5331324,2,0.09,0.09,0.16,0.03752167,0.039412767
train,420,0.0297,-1.5272435,0,0.02,0.02,0.16,0.01579172,0.019223772
train,421,0.0297,-1.5272435,1,0.01,0.08,0.16,0.05955702,0.06771104
train,422,0.03,-1.5228788,0,0.02,0.02,0.16,0.015842492,0.019311646
train,423,0.03,-1.5228788,1,0.01,0.08,0.16,0.03457832,0.038188443
train,424,0.0301,-1.5214335,0,0.02,0.02,0.16,0.015827838,0.019295454
train,425,0.0301,-1.5214335,1,0.01,0.08,0.16,0.029992089,0.03601267
train,426,0.0303,-1.5185574,0,0.02,0.02,0.16,0.015783144,0.019247226
train,427,0.0303,-1.5185574,1,0.01,0.0,0.16,0.03798785,0.042036187
train,428,0.0306,-1.5142785,0,0.02,0.02,0.16,0.014020343,0.016918803
train,429,0.0306,-1.5142785,1,0.01,0.81,0.16,0.06187421,0.06583195
train,430,0.0308,-1.5114493,0,0.02,0.02,0.16,0.01563301,0.01895423
train,431,0.0308,-1.5114493,1,0.01,0.81,0.16,0.07745882,0.08011591
train,432,0.0329,-1.4828041,0,0.02,0.02,0.16,0.014436065,0.01727326
train,433,0.0329,-1.4828041,1,0.02,0.94,0.16,0.055370558,0.062426057
train,434,0.0329,-1.4828041,2,0.23,0.04,0.16,0.037942037,0.045146313
train,435,0.0357,-1.4473318,0,0.02,0.02,0.16,0.01366701,0.016266335
train,436,0.0357,-1.4473318,1,0.08,0.87,0.16,0.015645128,0.01981019
train,437,0.0357,-1.4473318,2,0.01,0.17,0.16,0.0628149,0.06522768
train,438,0.0371,-1.430626,0,0.01,0.02,0.16,0.014760666,0.015853046
train,439,0.0386,-1.4134127,0,0.01,0.02,0.16,0.014388867,0.015720211
train,440,0.04,-1.39794,0,0.01,0.02,0.16,0.014449656,0.015876053
train,441,0.0414,-1.3829997,0,0.01,0.02,0.16,0.01418118,0.015639987
train,442,0.0429,-1.3675427,0,0.01,0.02,0.16,0.0143650845,0.015531067
train,443,0.0443,-1.3535963,0,0.01,0.02,0.16,0.016124533,0.016733631
train,444,0.0471,-1.326979,0,0.01,0.02,0.16,0.016280327,0.018112304
train,445,0.0486,-1.3133637,0,0.02,0.02,0.16,0.019747622,0.024450695
train,446,0.0486,-1.3133637,1,0.01,0.0,0.16,0.024081087,0.026127495
train,447,0.05,-1.30103,0,0.02,0.02,0.16,0.023796672,0.029982934
train,448,0.05,-1.30103,1,0.01,0.2,0.16,0.047028277,0.056884173
train,449,0.0514,-1.2890369,0,0.01,0.02,0.16,0.012142714,0.013234315
train,450,0.0529,-1.2765443,0,0.01,0.02,0.16,0.013172125,0.014360646
train,451,0.0543,-1.2652001,0,0.01,0.02,0.16,0.013403925,0.014570434
train,452,0.0571,-1.2433639,0,0.01,0.02,0.16,0.013743352,0.015036796
train,453,0.0586,-1.2321024,0,0.02,0.02,0.16,0.010866434,0.012486494
train,454,0.0586,-1.2321024,1,0.0,0.01,0.16,0.012710401,0.013706403
train,455,0.06,-1.2218487,0,0.02,0.02,0.16,0.01476721,0.01692692
train,456,0.06,-1.2218487,1,0.0,0.01,0.16,0.016582442,0.019380637
train,457,0.0614,-1.2118316,0,0.02,0.02,0.16,0.018918365,0.021302136
train,458,0.0614,-1.2118316,1,0.04,0.03,0.16,0.023006871,0.028053995
train,459,0.0643,-1.191789,0,0.01,0.02,0.16,0.011835277,0.013486665
train,460,0.0657,-1.1824347,0,0.01,0.02,0.16,0.012497869,0.014078785
train,461,0.0671,-1.1732775,0,0.01,0.02,0.16,0.013429156,0.014808119
train,462,0.0686,-1.1636759,0,0.01,0.02,0.16,0.0142335845,0.015562346
train,463,0.07,-1.154902,0,0.01,0.02,0.16,0.015056579,0.016367896
train,464,0.0743,-1.1290112,0,0.01,0.02,0.16,0.0152908955,0.017334646
train,465,0.0757,-1.1209041,0,0.01,0.02,0.16,0.015189839,0.017384024
train,466,0.0771,-1.1129457,0,0.01,0.02,0.16,0.015278994,0.01752756
train,467,0.0786,-1.1045774,0,0.01,0.02,0.16,0.01567895,0.017964479
train,468,0.08,-1.09691,0,0.01,0.02,0.16,0.015928676,0.018239476
train,469,0.0829,-1.0814455,0,0.01,0.02,0.16,0.01664665,0.019114109
train,470,0.0843,-1.0741724,0,0.01,0.02,0.16,0.016975043,0.019491067
train,471,0.0857,-1.0670192,0,0.01,0.02,0.16,0.017324537,0.019888494
train,472,0.0871,-1.0599818,0,0.01,0.02,0.16,0.01462171,0.016171116
train,473,0.0886,-1.0525663,0,0.01,0.02,0.16,0.014391566,0.016127234
train,474,0.09,-1.0457575,0,0.01,0.02,0.16,0.014067774,0.015971439
train,475,0.0929,-1.0319843,0,0.01,0.02,0.16,0.013669245,0.015841613
train,476,0.0957,-1.019088,0,0.01,0.02,0.16,0.013589335,0.015827576
train,477,0.0971,-1.0127808,0,0.01,0.02,0.16,0.013695575,0.015906967
train,478,0.0986,-1.0061231,0,0.01,0.02,0.16,0.013744108,0.015815994
train,479,0.1204,-0.9193735,0,0.01,0.02,0.16,0.02000799,0.022609293
train,480,0.1245,-0.90483063,0,0.01,0.02,0.16,0.021251112,0.024021292
train,481,0.1286,-0.89075905,0,0.01,0.02,0.16,0.022402812,0.025244376
train,482,0.1327,-0.8771291,0,0.01,0.02,0.16,0.023298329,0.026149245
train,483,0.1367,-0.86423147,0,0.01,0.02,0.16,0.024046289,0.026830971
train,484,0.1408,-0.85139734,0,0.01,0.02,0.16,0.024621217,0.027265016
train,485,0.1531,-0.8150248,0,0.01,0.02,0.16,0.023328874,0.027174849
train,486,0.1571,-0.8038238,0,0.01,0.02,0.16,0.018231481,0.020739663
train,487,0.1653,-0.78172714,0,0.01,0.02,0.16,0.014924706,0.01690798
train,488,0.1694,-0.7710866,0,0.01,0.02,0.16,0.015328304,0.017350553
train,489,0.1735,-0.7607005,0,0.01,0.02,0.16,0.015716685,0.017742233
train,490,0.1776,-0.75055707,0,0.01,0.02,0.16,0.016328106,0.018226983
train,491,0.1898,-0.72170377,0,0.01,0.02,0.16,0.017750487,0.018998966
train,492,0.1939,-0.7124222,0,0.01,0.02,0.16,0.018110702,0.019168343
train,493,0.198,-0.7033348,0,0.01,0.02,0.16,0.018392866,0.019333376
train,494,0.202,-0.6946486,0,0.01,0.02,0.16,0.015647251,0.018479224
train,495,0.2061,-0.685922,0,0.01,0.02,0.16,0.01652803,0.019872973
train,496,0.2143,-0.66897786,0,0.01,0.02,0.16,0.017424354,0.020865146
train,497,0.2184,-0.66074735,0,0.01,0.02,0.16,0.017715642,0.02120092
train,498,0.2224,-0.65286523,0,0.01,0.02,0.16,0.017969374,0.021472737
train,499,0.2265,-0.6449318,0,0.01,0.02,0.16,0.01818994,0.02166106
train,500,0.2347,-0.6294869,0,0.01,0.02,0.16,0.018528149,0.021840442
train,501,0.2429,-0.61457247,0,0.01,0.02,0.16,0.018717645,0.021880839
train,502,0.2469,-0.6074789,0,0.01,0.02,0.16,0.018763894,0.021885244
train,503,0.251,-0.6003263,0,0.01,0.02,0.16,0.018865744,0.021873584
train,504,0.2551,-0.59328955,0,0.01,0.02,0.16,0.018976202,0.021925125
train,505,0.2592,-0.586365,0,0.01,0.02,0.16,0.018959109,0.021852225
train,506,0.2633,-0.57954913,0,0.01,0.02,0.16,0.01899886,0.021830112
train,507,0.2673,-0.573001,0,0.01,0.02,0.16,0.019085024,0.021890525
train,508,0.2714,-0.56639016,0,0.01,0.02,0.16,0.019199941,0.021978067
train,509,0.2755,-0.5598784,0,0.01,0.02,0.16,0.019184936,0.02187758
train,510,0.2796,-0.5534628,0,0.01,0.02,0.16,0.019319216,0.021952895
train,511,0.2918,-0.53491473,0,0.01,0.02,0.16,0.01958595,0.021923373
train,512,0.2959,-0.528855,0,0.01,0.02,0.16,0.017147738,0.020381363
train,513,0.302,-0.51999307,0,0.01,0.02,0.16,0.017344244,0.020695949
train,514,0.3256,-0.4873156,0,0.01,0.02,0.16,0.016513648,0.020034915
train,515,0.3425,-0.46533942,0,0.01,0.02,0.16,0.016699936,0.019501112
train,516,0.351,-0.45469287,0,0.01,0.02,0.16,0.016930727,0.019776806
train,517,0.3594,-0.44442192,0,0.01,0.02,0.16,0.017660322,0.020764444
train,518,0.3679,-0.4342702,0,0.01,0.02,0.16,0.018203435,0.021365708
train,519,0.3764,-0.42435038,0,0.01,0.02,0.16,0.014436388,0.016907895
train,520,0.3848,-0.41476494,0,0.01,0.02,0.16,0.015221826,0.018260706
train,521,0.4102,-0.38700435,0,0.01,0.02,0.16,0.016244255,0.019470304
train,522,0.4186,-0.37820077,0,0.01,0.02,0.16,0.01708066,0.020439042
train,523,0.4355,-0.36101183,0,0.01,0.01,0.16,0.019186523,0.02303583
train,524,0.444,-0.35261703,0,0.01,0.01,0.16,0.019744223,0.023704149
train,525,0.4524,-0.34447742,0,0.01,0.01,0.16,0.020049844,0.024074344
train,526,0.4694,-0.3284569,0,0.01,0.01,0.16,0.020142052,0.024258878
train,527,0.4778,-0.32075384,0,0.01,0.02,0.16,0.019178633,0.022604747
train,528,0.4947,-0.3056581,0,0.01,0.02,0.16,0.019101625,0.022424273
train,529,0.5032,-0.29825938,0,0.01,0.02,0.16,0.018713782,0.022238553
train,530,0.5041,-0.2974833,0,0.01,0.02,0.16,0.018660482,0.02220006
train,531,0.5201,-0.28391314,0,0.01,0.02,0.16,0.018237934,0.02220866
train,532,0.5539,-0.25656864,0,0.01,0.02,0.16,0.01805449,0.022134293
train,533,0.5708,-0.24351604,0,0.01,0.02,0.16,0.017886749,0.021893473
train,534,0.5793,-0.23709647,0,0.01,0.02,0.16,0.015917644,0.01880826
train,535,0.5877,-0.2308443,0,0.01,0.02,0.16,0.016725801,0.019877028
train,536,0.6046,-0.21853186,0,0.01,0.02,0.16,0.01829063,0.021376288
train,537,0.6215,-0.20655887,0,0.01,0.02,0.16,0.019523574,0.022657314
train,538,0.63,-0.20065945,0,0.01,0.02,0.16,0.01982668,0.022972101
train,539,0.6385,-0.1948391,0,0.01,0.02,0.16,0.020414358,0.023625301
train,540,0.6469,-0.18916285,0,0.01,0.02,0.16,0.020600757,0.023822464
train,541,0.6638,-0.17796275,0,0.01,0.02,0.16,0.021092094,0.024374124
train,542,0.6723,-0.1724369,0,0.01,0.02,0.16,0.021153284,0.024439938
train,543,0.6807,-0.16704425,0,0.01,0.02,0.16,0.021184938,0.024476096
train,544,0.6892,-0.16165473,0,0.01,0.02,0.16,0.021331334,0.024658134
train,545,0.6976,-0.15639353,0,0.01,0.02,0.16,0.021287173,0.024613397
train,546,0.7061,-0.15113379,0,0.01,0.02,0.16,0.021209136,0.024533084
train,547,0.738,-0.13194364,0,0.01,0.02,0.16,0.02077767,0.024097282
train,548,0.7486,-0.12575018,0,0.01,0.02,0.16,0.02059626,0.023915546
train,549,0.7699,-0.11356568,0,0.01,0.02,0.16,0.020766377,0.024142684
train,550,0.8125,-0.09017663,0,0.01,0.02,0.16,0.020858565,0.024011733
train,551,0.8337,-0.0789902,0,0.01,0.02,0.16,0.020757403,0.023865642
train,552,0.8444,-0.07345177,0,0.01,0.02,0.16,0.020683242,0.02378826
train,553,0.855,-0.06803389,0,0.01,0.02,0.16,0.020594392,0.023706216
train,554,0.8657,-0.06263258,0,0.01,0.02,0.16,0.020544969,0.023674224
train,555,0.8763,-0.05734719,0,0.01,0.02,0.16,0.020508494,0.023665447
train,556,0.8869,-0.052125346,0,0.01,0.02,0.16,0.02045636,0.023622762
train,557,0.8976,-0.046917155,0,0.01,0.02,0.16,0.020389637,0.023609256
train,558,0.9082,-0.041818503,0,0.01,0.02,0.16,0.020300172,0.023588669
train,559,1.1102,0.045401223,0,0.01,0.02,0.16,0.023021534,0.026460852
train,560,1.5143,0.18021192,0,0.01,0.02,0.16,0.01982478,0.022962818
train,561,1.7163,0.2345932,0,0.01,0.02,0.16,0.019020755,0.02237326
train,562,1.9184,0.28293917,0,0.01,0.02,0.16,0.018210696,0.021747435
train,563,2.3224,0.36593702,0,0.01,0.02,0.16,0.017224139,0.02088503
train,564,2.5245,0.40217537,0,0.01,0.02,0.16,0.017100364,0.020536352
train,565,2.5351,0.4039951,0,0.01,0.02,0.16,0.017091958,0.020509766
train,566,2.5458,0.40582427,0,0.01,0.02,0.16,0.017071676,0.02048486
train,567,2.567,0.40942585,0,0.01,0.02,0.16,0.017053237,0.020429414
train,568,2.5777,0.41123238,0,0.01,0.02,0.16,0.017043756,0.020401275
train,569,2.5883,0.41301462,0,0.01,0.02,0.16,0.01703339,0.020371852
train,570,2.5989,0.41478956,0,0.01,0.02,0.16,0.01702269,0.020341681
train,571,2.6308,0.42008784,0,0.01,0.02,0.16,0.016989406,0.020249683
train,572,2.6521,0.4235899,0,0.01,0.02,0.16,0.016967671,0.020186834
train,573,2.6627,0.42532223,0,0.01,0.02,0.16,0.016959399,0.020154037
train,574,2.6733,0.4270477,0,0.01,0.02,0.16,0.016951114,0.020121345
train,575,2.684,0.42878252,0,0.01,0.02,0.16,0.016943386,0.020089649
train,576,2.6946,0.4304943,0,0.01,0.02,0.16,0.016934784,0.020056434
train,577,2.7159,0.43391377,0,0.01,0.02,0.16,0.016916953,0.019989371
train,578,2.7265,0.4356055,0,0.01,0.02,0.16,0.015725767,0.017773522
train,579,3.1306,0.49562758,0,0.01,0.02,0.16,0.015757956,0.017665925
train,580,3.3327,0.5227962,0,0.01,0.02,0.16,0.015767846,0.017611763
train,581,3.5347,0.54835254,0,0.01,0.02,0.16,0.015782636,0.017576586
train,582,3.9388,0.5953639,0,0.01,0.02,0.16,0.015822962,0.017548406
train,583,4.1408,0.61708426,0,0.01,0.02,0.16,0.015846858,0.017549612
train,584,4.3429,0.63777983,0,0.01,0.02,0.16,0.01587153,0.01755664
train,585,4.5449,0.65752435,0,0.01,0.02,0.16,0.015897436,0.01756954
train,586,4.7469,0.6764101,0,0.01,0.02,0.16,0.015923597,0.017585967
train,587,5.151,0.71189153,0,0.01,0.02,0.16,0.015976971,0.01762794
train,588,5.3531,0.72860533,0,0.01,0.02,0.16,0.01600315,0.017651126
train,589,5.5551,0.7446919,0,0.01,0.02,0.16,0.016028946,0.017675314
train,590,5.7571,0.7602038,0,0.01,0.02,0.16,0.016054744,0.017700953
train,591,5.9592,0.77518797,0,0.01,0.02,0.16,0.016080003,0.01772693
train,592,6.5653,0.8172546,0,0.01,0.02,0.16,0.016153798,0.01780757
train,593,6.7673,0.8304154,0,0.01,0.02,0.16,0.016177498,0.017834628
train,594,6.9694,0.8431954,0,0.01,0.02,0.16,0.016200854,0.017861811
train,595,7.3735,0.8676737,0,0.01,0.02,0.16,0.016245928,0.017915374
train,596,7.9796,0.9019811,0,0.01,0.02,0.16,0.016310478,0.017994344
train,597,8.1816,0.9128382,0,0.01,0.02,0.16,0.016331026,0.018020028
train,598,8.3837,0.92343575,0,0.01,0.02,0.16,0.016351318,0.018045498
train,599,8.5857,0.9337757,0,0.01,0.02,0.16,0.016371507,0.018071193
train,600,8.9898,0.95375,0,0.01,0.02,0.16,0.016410368,0.018120982
train,601,9.1918,0.96340054,0,0.01,0.02,0.16,0.016429188,0.018145239
train,602,9.3939,0.9728459,0,0.01,0.02,0.16,0.016447622,0.01816923
train,603,9.798,0.99113744,0,0.01,0.02,0.16,0.016483638,0.018216403
