E,split,Ta_c_true,k_c_true,Ta_c_pred,k_c_pred,curve_MAPE,Ta_c_old,k_c_old,Ta_c_pchip,k_c_pchip
0.0001,val,185.3679,5.0,191.70567,9.17,25.043579474621108,193.3630828857422,5.939999580383301,192.6339446394749,5.0
0.0002,test,184.5403,5.0,192.47765,5.75,21.7610142167364,188.2438201904297,5.179999828338623,190.08815317918013,5.0
0.0003,test,183.7265,5.0,189.92293,4.42,12.281283131130415,188.4723663330078,5.179999828338623,185.7701564381148,5.0
0.0004,train,182.9263,5.0,189.99759,4.99,1.2116139986864682,187.96974182128903,5.179999828338623,182.92630000000005,5.0
0.0005,train,181.3664,5.0,188.505,4.99,1.520454834487008,185.694091796875,5.179999828338623,181.36639999999997,5.0
0.0006,train,180.6062,5.0,187.2388,4.99,1.3962325135650302,184.01251220703125,5.179999828338623,180.6062,5.0
0.0007,val,179.8589,5.0,185.38017,4.801,1.811585056366276,183.7158050537109,5.179999828338623,179.8538898788761,5.0
0.0008,train,179.1245,5.0,183.60597,5.075,1.7566096697475733,183.1747131347656,5.488800048828125,179.12450000000004,5.0
0.0009,test,178.4027,5.0,182.30386,5.287474130517268,2.389440407734537,182.0443420410156,4.898799896240234,178.4007919720431,5.0
0.001,train,177.6934,5.0,182.78851,5.395101938475112,0.8816323060929996,181.6926422119141,5.237999439239502,177.6933999999999,5.0
0.0011,train,176.9964,5.0,179.75201,5.515291363036071,1.2903625537619057,180.7423248291016,5.029999732971191,176.99639999999997,5.0
0.0012,val,176.3116,5.0,179.17097,5.454935056163245,1.578649045794414,183.11947631835932,5.470000267028809,176.18919178767925,5.0
0.0013,val,174.9779,5.0,179.09813,5.275492702564574,3.0651163196589377,178.6736297607422,4.86400032043457,175.3422903555263,5.0
0.0014,test,174.3287,5.0,176.34772,5.109355032685561,1.6986005550027137,177.48483276367188,4.990000247955322,174.51688180611032,5.0
0.0015,test,173.691,5.0,175.70625,4.954684562370597,1.7419721618184854,177.2428436279297,5.159999847412109,173.7503330282774,5.0
0.0016,train,173.0649,5.0,176.11267,4.797872465126126,0.8892409690656083,176.89266967773438,5.063999652862549,173.0648999999999,5.0
0.0017,train,172.45,5.0,177.59773,5.055115404477848,1.272769789825311,176.5175018310547,5.00160026550293,172.44999999999993,5.0
0.0018,train,171.8462,5.0,175.3942,4.686415335873832,0.8400954957607623,175.1472625732422,4.903200149536133,171.84619999999998,5.0
0.0019,train,171.2535,5.0,174.01118,4.454254918374769,0.9068563758599651,174.30360412597656,5.222400188446045,171.2535,5.0
0.002,val,170.1005,5.0,173.25009,4.468898706824064,0.9474507949970564,173.01673889160156,5.223999977111816,170.378854370445,4.948124608951192
0.0021,train,169.5361,4.9,172.9222,4.963630267759532,0.6399124636835276,172.4534912109375,5.190400123596191,169.53610000000003,4.9
0.0022,train,168.981,4.9,171.70905,4.918659059656585,0.8042777319653527,171.81228637695312,5.325999736785889,168.98099999999994,4.9
0.0023,val,168.436,4.9,171.45256,4.79209769926619,0.879841222130023,171.1888427734375,5.242000102996826,168.43482011661567,4.9
0.0024,train,167.9012,4.9,170.77596,4.760630978036632,0.7664247156918148,170.4022979736328,4.957600116729736,167.9012,4.9
0.0025,train,167.3762,4.9,170.34053,4.717389703778768,0.7798770467518981,170.06222534179688,4.918800354003906,167.3762,4.9
0.0026,train,166.8611,4.9,169.89476,4.661576571977264,0.6926268042029328,169.5186309814453,4.84119987487793,166.86109999999996,4.9
0.0027,train,166.3556,4.9,169.45473,5.147508803837178,0.8440872191288689,168.88111877441406,5.035200119018555,166.35559999999998,4.9
0.0028,train,165.3732,4.9,168.41093,5.083463959049932,0.8693743781041742,167.8232879638672,5.13599967956543,165.37319999999997,4.9
0.0029,train,164.896,4.9,167.76448,4.998258473683908,0.6655614245742726,167.36541748046875,5.0920000076293945,164.89600000000007,4.9
0.003,train,164.4279,4.9,167.68513,4.384574828614822,0.8422973951515809,166.91949462890625,5.011199951171875,164.42790000000002,4.9
0.0031,train,163.9689,4.9,167.54776,4.438080485639687,0.9855741212367144,166.38522338867188,4.960000038146973,163.96890000000002,4.9
0.0032,train,163.5188,4.9,167.58676,4.42,1.967172227815388,166.17726135253906,5.022799968719482,163.51879999999994,4.9
0.0033,train,163.0775,4.9,167.93748,4.382,1.2776303021835431,166.84716796875,4.800000190734863,163.0775,4.9
0.0034,test,162.6449,4.9,167.51169,5.18,1.7818924109597316,166.21336364746094,5.179999828338623,162.65950984271635,4.9
0.0035,train,162.2208,4.9,165.88368,4.42,1.2491384662085012,165.39492797851562,5.179999828338623,162.22080000000003,4.9
0.0036,val,161.3909,4.8,165.35817,4.42,1.5499143741083363,164.12745666503906,4.800000190734863,161.67932650281307,4.872836491482379
0.0037,test,160.9842,4.8,165.36559,4.42,1.2314099529667883,163.7042999267578,4.800000190734863,161.0956944648333,4.824727281944061
0.0038,train,160.5855,4.8,165.84657,5.18,1.450806931743822,163.50123596191406,4.800000190734863,160.5855,4.8
0.0039,train,160.1946,4.8,163.67993,4.76,1.1588707843245327,164.0056610107422,5.179999828338623,160.19460000000007,4.8
0.004,train,159.8115,4.8,164.49171,4.42,1.241509817408757,162.6006622314453,4.616000175476074,159.81150000000005,4.8
0.0041,train,159.4359,4.8,163.10378,4.42,1.12166069263217,162.44024658203125,4.800000190734863,159.43589999999995,4.8
0.0042,train,159.0679,4.8,163.01436,4.42,1.2027857901055492,161.9581298828125,4.800000190734863,159.06789999999998,4.8
0.0043,train,158.7072,4.8,163.36336,4.42,1.39287477257457,161.40252685546875,4.800000190734863,158.7072,4.8
0.0044,val,158.0075,4.8,160.39455,4.572,0.9279280117306644,160.87156677246094,4.6479997634887695,158.1797856058921,4.8
0.0045,train,157.6682,4.8,159.69997,4.404,0.5646350674760285,159.69544982910156,4.739200115203857,157.66820000000007,4.8
0.0046,train,157.3358,4.8,164.39653,4.42,2.119507058161885,159.24227905273438,4.759200096130371,157.33580000000006,4.8
0.0047,train,157.0102,4.7,158.77882,4.478,0.7350980723021954,161.81134033203125,4.800000190734863,157.01020000000003,4.7
0.0048,train,156.6818,4.7,163.49344,4.42,1.6201617957015575,158.6057891845703,4.640800476074219,156.68179999999995,4.7
0.0049,train,156.3597,4.7,158.25772,4.380765289827883,0.7853200827609482,160.03993225097656,4.420000076293945,156.35970000000003,4.7
0.005,train,156.0439,4.7,164.09082,5.18,1.829715061675267,157.9380340576172,4.533200263977051,156.04390000000004,4.7
0.0051,train,155.734,4.7,157.45744,4.311100844775427,0.6027393927462928,159.587890625,4.420000076293945,155.734,4.7
0.0052,test,155.1319,4.7,156.65431,4.220000000000001,0.6130486782062784,156.8598175048828,4.61199951171875,155.2804808239998,4.7
0.0053,train,154.8393,4.7,156.26189,4.266,0.854900263137708,156.53038024902344,4.556000232696533,154.83930000000004,4.7
0.0054,train,154.5521,4.7,156.48985,4.220000000000001,0.5835928238148482,156.2635498046875,4.606800079345703,154.55209999999994,4.7
0.0055,test,154.2701,4.7,156.12038,4.242790897568972,0.8480269010430178,155.97132873535156,4.505200386047363,154.2701321226768,4.7
0.0056,train,153.9932,4.7,155.87802,4.173176015750975,0.5627292164563316,155.66323852539062,4.61199951171875,153.99319999999992,4.7
0.0057,train,153.7208,4.6,155.22507,4.173596470525968,0.7546759201624178,155.34420776367188,4.671999931335449,153.72079999999994,4.6
0.0058,train,153.4421,4.6,154.6915,4.196000000000001,0.4590348801648274,155.05767822265625,4.671999931335449,153.44210000000007,4.6
0.0059,val,152.8975,4.6,154.22961,4.196,0.6092517404308663,154.4398193359375,4.618000030517578,153.03392496113668,4.6
0.006,train,152.6311,4.6,153.91373,4.172108260764834,0.5411830171532787,154.11573791503906,4.53600025177002,152.6311,4.6
0.0061,val,152.3685,4.6,153.48212,4.172307368420357,0.6523281116418821,153.8862762451172,4.483999729156494,152.35533244414518,4.6
0.0062,train,152.1093,4.6,153.33978,4.132826542852827,0.4738551566368765,153.64181518554688,4.457200050354004,152.10929999999996,4.6
0.0063,train,151.8534,4.6,153.19229,4.149000000000001,0.6197147430757589,153.41995239257812,4.405599594116211,151.85340000000002,4.6
0.0064,val,151.6005,4.6,152.91125,4.258691414039227,0.5884200209112499,153.1483917236328,4.405599594116211,151.63901462064558,4.6
0.0065,train,151.3505,4.6,152.30658,4.234,0.5540995870376169,152.84329223632812,4.457200050354004,151.3505,4.6
0.0066,test,151.097,4.5,150.95363,9.378674229958964,0.9106734451112752,152.05294799804688,9.583999633789062,150.50936916708454,7.178977827137986
0.0067,train,149.3567,9.7,149.35536,9.306475402757188,0.9512056856588832,149.84466552734375,9.583999633789062,149.3566999999999,9.7
0.0068,train,148.2751,9.7,152.21094,9.93,1.971158807671891,148.79696655273438,9.75,148.27510000000007,9.7
0.0069,train,147.2074,9.6,150.35071,9.93,1.5694901982894514,150.23001098632812,9.739999771118164,147.20740000000004,9.6
0.007,train,146.1565,9.6,149.7986,9.93,1.5318678727006545,148.7455291748047,10.196000099182127,146.15649999999997,9.6
0.0071,test,145.1238,9.6,148.45079,9.93,1.4356766424291094,147.6212921142578,9.359999656677246,145.06924598792682,9.6
0.0074,train,141.8222,9.6,145.05219,10.12,1.3482722315282043,144.47486877441406,9.359999656677246,141.82220000000007,9.6
0.0076,train,139.7771,9.6,142.74426,10.12,1.454637235347778,142.8150634765625,10.196000099182127,139.77709999999996,9.6
0.0077,train,138.7142,9.6,142.70058,10.12,1.6406673752522176,141.94053649902344,10.272000312805176,138.71419999999995,9.6
0.008,train,135.7992,9.6,142.01582,9.93,2.283517362847139,139.6126708984375,9.83199977874756,135.79919999999996,9.6
0.0081,val,134.4992,9.6,137.08669,8.68,5.110313470253913,138.00201416015625,9.887200355529783,134.8595174534172,9.6
0.0083,val,133.0721,9.6,130.51247,9.243,2.324894094359101,137.57223510742188,9.128000259399414,133.01347552333164,9.6
0.0086,train,130.5149,9.6,129.93059,9.32,0.8570536869442672,130.99725341796875,9.650400161743164,130.5149,9.6
0.0087,train,129.8109,9.6,130.22607,10.019000000000002,0.9421153904786382,130.26455688476562,9.51200008392334,129.81089999999998,9.6
0.0089,val,128.0901,9.5,129.3917,9.896,2.268925890872614,128.5645751953125,9.47599983215332,128.21362418301717,9.563828243509118
0.0092,train,125.7582,9.5,134.0441,11.804966794334012,3.80786130896822,126.80945587158205,9.811200141906738,125.75820000000004,9.5
0.0095,train,123.492,9.5,123.308525,9.065,0.862514369629523,124.61835479736328,9.569600105285645,123.49200000000002,9.5
0.0097,test,121.2745,9.5,120.03317,9.422,2.533059555069745,121.8520736694336,9.569600105285645,121.7288112812311,9.5
0.01,train,119.1002,9.5,118.91751,9.333794274934222,0.6473156052891001,119.570068359375,9.569600105285645,119.10019999999997,9.5
0.0103,test,116.9699,9.5,116.496704,9.332414514110662,0.5040885971137091,117.43949127197266,9.569600105285645,117.06282548330216,9.5
0.0106,val,114.8872,9.5,114.610565,9.364869626137452,0.4357741193697281,115.4081573486328,9.654399871826172,115.18235028874317,9.5
0.0108,train,113.7522,9.5,113.30568,9.37669539998046,0.5408536557714667,114.35399627685548,9.654399871826172,113.75220000000003,9.5
0.0109,train,112.8562,9.5,113.683334,9.264,0.878064450033701,113.45921325683594,9.654399871826172,112.85619999999999,9.5
0.0112,train,110.8813,9.5,110.31151,9.352,1.3993421620074356,111.39234924316406,9.593999862670898,110.88129999999997,9.5
0.0113,train,110.1599,9.5,110.37343,9.352,0.8966315260268521,110.64118957519533,9.593999862670898,110.15990000000002,9.5
0.0115,train,108.9665,9.5,108.97604,9.508253292086378,0.8791450503338403,109.40187072753906,9.593999862670898,108.96649999999997,9.5
0.0118,train,107.1094,9.6,106.773926,9.681093338144596,1.1773695599007656,107.53350067138672,9.68000030517578,107.1094,9.6
0.0119,test,106.7607,9.6,106.1698,9.708907232670546,1.346362062953638,107.20368194580078,9.68000030517578,106.50180778893547,9.6
0.0121,train,105.3043,9.6,106.859436,9.68,1.6883818497576122,105.80917358398438,9.766000747680664,105.30430000000004,9.6
0.0124,test,103.5658,9.6,105.2375,10.123,2.2858280662364403,106.8516845703125,9.588000297546388,103.55942454789215,9.614215472059644
0.0127,test,101.88,9.7,103.90312,9.93,3.656513236989855,104.44685363769533,10.196000099182127,101.87615898235073,9.650448696495095
0.0129,val,100.71,9.7,103.75768,9.93,2.552971325671344,103.29137420654295,10.119999885559082,100.7868698179558,9.682493202391292
0.013,train,100.2518,9.7,102.263626,9.93,2.856096462432607,102.83917236328124,10.119999885559082,100.25179999999996,9.7
0.0133,train,98.6794,9.8,102.850685,9.93,2.087992859767391,101.43862915039062,10.119999885559082,98.6794,9.8
0.0135,train,97.7397,9.8,98.88255,9.936,0.8381480501255294,101.71209716796876,10.196000099182127,97.7397,9.8
0.0136,train,97.1571,9.8,101.85308,9.93,2.585692632524484,98.06941986083984,9.663999557495115,97.1571,9.8
0.0139,train,95.6858,9.9,96.43139,10.652,1.0332961268048098,97.0405044555664,10.015999794006348,95.68580000000001,9.9
0.014,train,94.9523,9.9,97.1966,9.86,1.9651431301485012,95.96794891357422,10.196000099182127,94.95229999999998,9.9
0.0142,train,94.2633,9.9,95.08249,9.626,0.998050990576544,94.74771881103516,10.059200286865234,94.2633,9.9
0.0145,train,92.8811,10.0,100.39688,11.384052595971925,2.3811247235507693,93.18085479736328,9.833999633789062,92.88109999999999,10.0
0.0146,val,92.3316,10.0,94.01943,10.023,1.1764359417268162,92.64305114746094,9.833999633789062,92.3605450441163,10.0269095382033
0.0147,val,91.5517,10.1,93.79178,10.338,1.578164419119928,91.8943862915039,9.934000015258787,91.80355514889041,10.053879130155883
0.015,train,90.2484,10.1,90.337326,10.271619468025753,0.5444851906774479,91.12371826171876,10.207200050354004,90.24840000000002,10.1
0.0151,train,89.8626,10.1,91.95468,9.986,0.9463084696478716,90.4211883544922,10.38479995727539,89.86260000000001,10.1
0.0153,train,88.9919,10.2,88.67943,9.973976853925835,0.4224246342991805,89.36964416503906,10.06999969482422,88.99189999999999,10.2
0.0156,test,87.7727,10.2,87.26872,10.105822814815063,0.4030229894304263,88.01976776123047,10.170000076293944,87.91893543621974,10.290977301004713
0.0157,train,87.5309,10.3,86.77287,10.161995808165324,0.488702473655521,87.76217651367188,10.206000328063965,87.53090000000002,10.3
0.0159,train,86.581,10.3,86.03569,10.219753958027058,0.3784155724907351,86.80162811279297,10.306000709533691,86.581,10.3
0.0162,train,85.4288,10.4,85.08985,10.314231965207814,0.4192529151323059,85.69144439697266,10.406000137329102,85.42879999999998,10.4
0.0163,train,85.313,10.4,84.9521,10.339,0.3425926924564835,85.62191009521484,10.406000137329102,85.31300000000002,10.4
0.0165,val,84.3083,10.4,85.10708,10.339,1.3624120746325448,84.97564697265625,10.2760009765625,84.63362928520388,10.423185150319831
0.0168,train,83.2105,10.5,81.89423,10.684,1.3467903191743558,83.7076187133789,10.51200008392334,83.21050000000001,10.5
0.0171,train,82.1466,10.6,83.103676,10.512,1.5658276940224425,82.66657257080078,10.684000015258787,82.1466,10.6
0.0174,test,81.1148,10.7,79.57401,10.664,1.425199408109598,82.12611389160156,11.185999870300291,81.13758923453902,10.646797552694107
0.0177,train,80.1017,10.7,78.908875,10.792,1.1100597048380725,80.37153625488281,10.663999557495115,80.10170000000001,10.7
0.0179,train,79.3156,10.8,78.91845,10.797706124457688,0.5650997556980633,79.55491638183594,10.791999816894531,79.31559999999999,10.8
0.018,train,79.1151,10.8,78.464264,10.860565631725432,0.4435264391343526,79.36830139160156,10.738000869750977,79.1151,10.8
0.0183,train,78.1569,10.9,77.61811,10.907391743526524,0.411471922860947,78.37738800048828,10.786800384521484,78.1569,10.9
0.0185,val,77.5114,10.9,76.97134,11.039079185330309,0.4886199366439182,77.73473358154297,10.861599922180176,77.53325242130073,10.936168412416556
0.0186,test,77.2257,11.0,76.68322,11.08920972987445,0.5425527829417863,77.46369934082031,10.913599967956545,77.22580609774249,10.94996063420308
0.0189,train,76.318,11.0,76.859604,11.024,1.488044613852911,77.08287048339844,11.03640079498291,76.31800000000001,11.0
0.019,test,75.7865,11.1,75.84467,11.238,0.5572774010659199,77.04440307617188,11.968000411987305,76.02256064462587,11.027337310409928
0.0192,train,75.4286,11.1,75.995415,11.238,0.6756578674656059,76.91842651367188,10.52720069885254,75.42859999999999,11.1
0.0195,test,74.5646,11.2,75.01242,11.327,0.9427295899345024,75.07137298583984,10.827199935913086,74.43860035580188,11.276437884292262
0.0196,train,74.1567,11.3,74.15132,11.327,0.768430980655423,74.58963775634766,11.003600120544434,74.15669999999999,11.3
0.0198,train,73.7258,11.3,73.49963,11.474,0.6084777963817807,74.05276489257812,11.473999977111816,73.7258,11.3
0.02,train,72.9114,11.4,72.84488,11.488716792829582,0.8531094590944326,73.21830749511719,11.473999977111816,72.9114,11.4
0.0202,val,72.6077,11.4,71.99005,11.493524444352232,0.6159369419046766,72.9616928100586,11.239999771118164,72.31439548338348,11.489141439204005
0.0203,test,72.1216,11.5,71.73002,11.50321429351504,0.6936076008027338,72.53713989257812,11.239999771118164,72.05506018717661,11.531601844684735
0.0206,train,71.3564,11.6,71.04788,11.523835448514866,0.5885922706676108,72.02918243408203,11.70720100402832,71.35639999999998,11.6
0.0207,train,71.1462,11.6,70.800705,11.532,0.5383118164185449,72.0207748413086,11.824000358581545,71.14620000000001,11.6
0.0209,train,70.6167,11.7,71.013336,11.386,0.6294903785281333,72.12307739257812,11.415200233459473,70.61669999999998,11.7
0.0212,train,69.9036,11.8,69.78326,11.81,0.4380698672866973,70.21342468261719,11.972000122070312,69.9036,11.8
0.0213,train,69.7801,11.8,69.642006,11.84047563321945,0.4046497400240006,70.06230926513672,11.972000122070312,69.7801,11.8
0.0215,train,69.2188,11.9,69.26176,11.90226592035232,0.3790974679622629,69.4672622680664,12.061200141906738,69.21880000000002,11.9
0.0218,test,68.5635,12.1,68.577065,12.038439249830711,0.4104748954056454,68.7828369140625,12.150400161743164,68.53988195102788,12.058461320040557
0.0221,train,67.9262,12.2,67.91894,12.145317579910689,0.3737228803618442,68.12361145019531,12.3287992477417,67.92620000000001,12.2
0.0224,train,67.3227,12.3,67.25818,12.311414089827974,0.3176266240790659,67.50467681884766,12.350000381469728,67.32269999999998,12.3
0.0227,train,66.7512,12.5,66.62631,12.402402008637544,0.316104945288138,66.92768096923828,12.529999732971191,66.7512,12.5
0.0229,val,66.2665,12.6,66.22095,12.50779922409881,0.4405722005961733,66.4382095336914,12.619999885559082,66.38002864375993,12.564176388635808
0.023,train,66.1994,12.6,66.05081,12.584390242635765,0.2742756067423955,66.3705825805664,12.619999885559082,66.1994,12.6
0.0233,train,65.6814,12.8,65.52965,12.721171706195491,0.3069904229116813,65.8424301147461,12.86400032043457,65.6814,12.8
0.0235,val,65.2936,12.9,65.20787,12.841591674406358,0.3204540250488019,65.44532012939453,12.953200340270996,65.34848764081775,12.86485955457201
0.0236,train,65.1864,12.9,65.05821,12.90430881174146,0.3222659478701806,65.33314514160156,13.042399406433104,65.1864,12.9
0.0239,test,64.7112,13.1,64.59876,13.161129736781314,0.3050566117799498,64.85197448730469,13.220799446105955,64.7145963874507,13.082584831950399
0.0241,val,64.409,13.2,64.2792,13.35528388353445,0.3120099494385214,64.53976440429688,13.25,64.41168684140128,13.230228734025633
0.0242,train,64.2642,13.3,64.1313,13.416211313591068,0.2948662455969157,64.39157104492188,13.34000015258789,64.2642,13.3
0.0245,train,63.8404,13.5,63.58915,13.614659235200325,0.4482136775427986,63.974220275878906,13.520000457763672,63.84039999999999,13.5
0.0246,train,63.6034,13.6,63.532944,13.6217871819952,0.3077010549253298,63.74161148071289,13.666799545288086,63.6034,13.6
0.0248,train,63.4251,13.6,63.13307,13.770358874857806,0.5495047171901803,63.57394027709961,13.666799545288086,63.425099999999986,13.6
0.025,train,63.0256,13.8,62.98036,13.815034005696171,0.385171703073034,63.18016815185547,13.845200538635254,63.0256,13.8
0.0252,train,62.8448,13.9,62.620186,13.977902273673248,0.3664140228851622,63.00521469116211,13.934399604797363,62.844800000000006,13.9
0.0253,train,62.6425,14.0,62.570705,14.019761745847903,0.2842159281301385,62.8034782409668,14.023600578308104,62.642499999999984,14.0
0.0256,test,62.2736,14.2,62.178116,14.23764162754926,0.3290197342307401,62.43750762939453,14.20199966430664,62.262370397775484,14.230818356660384
0.0257,train,62.1483,14.3,62.107464,14.278018023003378,0.2626974626086045,62.31196212768555,14.291200637817385,62.148299999999985,14.3
0.0259,val,61.918,14.4,61.89102,14.479270914169138,0.4047275188699197,62.08119201660156,14.380399703979492,61.900286104592425,14.456594317436478
0.0262,test,61.5743,14.6,61.57001,14.70543358129676,0.4053627198217613,61.73341751098633,14.631999969482422,61.53254873704705,14.691513701378586
0.0263,val,61.4861,14.6,61.45965,14.759493699320553,0.4493054696691278,61.64658737182617,14.631999969482422,61.423418041091,14.748508243424201
0.0265,train,61.2427,14.8,61.30073,14.819399495673355,0.3123058252147568,61.411720275878906,14.808000564575195,61.242700000000006,14.8
0.0266,train,61.1797,14.8,61.13484,14.866999999999996,0.4572436360598502,61.35605239868164,14.808000564575195,61.17969999999999,14.8
0.0268,train,60.9229,15.0,60.991783,14.95497150265316,0.3234491797195206,61.09506607055664,14.926000595092772,60.9229,15.0
0.0269,test,60.8537,15.0,60.843906,14.92553771352232,0.438474241921079,61.0225944519043,15.098000526428224,60.81401845532634,15.071567760893585
0.0271,val,60.612,15.1,60.664818,11.74334964835064,0.3542013630954348,60.78516006469727,15.098000526428224,60.623424008704475,15.203536311056729
0.0274,train,60.3054,15.3,60.08931,11.92397108410731,0.3665752335051382,60.48648452758789,15.336000442504885,60.305399999999985,15.3
0.0276,train,59.9901,11.9,59.812897,11.97924973463899,0.322890486997536,60.1157341003418,11.947999954223633,59.990100000000005,11.9
0.0279,train,59.5755,12.0,59.268158,12.137685707474224,0.3357098205845952,59.69503021240234,12.015999794006348,59.575500000000005,12.0
0.028,train,59.4415,12.1,59.115097,12.15953440511912,0.323507570213359,59.56110382080078,12.083999633789062,59.44149999999999,12.1
0.0282,train,59.1815,12.1,58.80813,12.291421989353283,0.4782936577411807,59.30670166015625,12.184000015258787,59.1815,12.1
0.0284,train,58.8071,12.2,58.62755,12.341242959754704,0.3846987661511566,58.93338394165039,12.139999389648438,58.80710000000001,12.2
0.0286,train,58.6473,12.3,58.28889,12.502642619837902,0.6331079842426275,58.77006149291992,12.139999389648438,58.647300000000016,12.3
0.0287,val,58.451,12.3,58.275692,12.38835499149511,0.2891390702581411,58.57379913330078,12.206000328063965,58.53091369685657,12.329715841709994
0.029,train,58.1122,12.4,58.086014,12.49461334660694,0.4701550714002681,58.23843383789063,12.253599166870115,58.11219999999999,12.4
0.0291,test,57.932,12.5,57.917084,12.040710170014169,0.4102248960176979,58.05915069580078,12.317999839782717,58.001642554417735,12.429889397930529
0.0293,train,57.7897,12.5,58.1255,12.028,0.4008059146592364,57.93638610839844,12.289199829101562,57.789699999999996,12.5
0.0295,val,57.4824,12.6,57.400066,12.739,0.8740736119673974,57.65384292602539,12.444000244140623,57.537417337847415,12.600096660733975
0.0297,train,57.2868,12.7,57.040436,12.739,0.7695761058604326,57.55924606323242,12.60200023651123,57.2868,12.7
0.0298,val,57.19,12.7,57.142418,12.739,0.4845801347637182,57.45555114746094,12.57200050354004,57.17004586572896,12.74359999220838
0.03,train,56.9703,12.8,56.914932,12.876,0.4527394874067034,57.1678466796875,12.60200023651123,56.9703,12.8
0.0301,train,56.9109,12.8,56.781998,12.876,0.5059451352691581,57.08967971801758,12.711599349975586,56.91090000000001,12.8
0.0303,train,56.7036,12.9,56.53034,13.033500935736914,0.520729658197515,56.86158752441406,12.711599349975586,56.703599999999994,12.9
0.0306,train,56.3914,13.0,56.16459,13.18009809375176,0.4822178645996998,56.5300178527832,12.92799949645996,56.39139999999998,13.0
0.0308,train,56.1771,13.1,56.085403,12.52,0.5568737395531153,56.307106018066406,12.656000137329102,56.17709999999999,13.1
0.0309,test,56.1506,13.1,55.832436,12.52,0.601218998810346,56.27742385864258,12.601600646972656,56.059019463128685,13.042532302472614
0.0311,test,55.8932,4.8,55.678917,12.656,0.7221299342969483,56.04384231567383,12.601600646972656,55.811905322938905,12.620765344306585
0.0314,val,55.4743,4.8,55.45296,12.656,0.9352444119709776,55.84714889526367,12.492799758911133,55.42074362346826,11.405652806143502
0.0329,train,53.4565,4.9,54.585564,9.392,0.9241204719390498,54.05132675170898,4.696000099182129,53.45649999999999,4.9
0.0343,test,51.8611,5.0,51.024372,4.941224691115822,4.145742591362144,52.35079193115234,4.696000099182129,51.898929015059636,4.933414096509944
0.0357,train,50.5937,5.0,50.892784,10.12,2.7352359629003797,51.42278289794922,4.920000076293945,50.59369999999999,5.0
0.0371,train,49.6191,5.1,50.025227,4.975999999999999,0.459826542939208,51.42234802246094,5.179999828338623,49.6191,5.1
0.0386,train,48.8924,5.1,50.67428,10.12,2.0221749858528506,50.70123672485352,5.4079999923706055,48.8924,5.1
0.04,train,48.3526,5.2,50.018204,10.12,2.0938084327476827,50.24090194702149,5.559999942779541,48.3526,5.2
0.0414,train,47.9623,5.2,49.745335,9.93,2.4415757822553714,50.20499420166016,5.559999942779541,47.9623,5.2
0.0429,train,47.6697,5.3,49.26085,9.93,3.1343559452305767,49.52632141113281,5.559999942779541,47.66969999999999,5.3
0.0443,train,46.7937,13.6,48.87037,10.69,3.5104968846279867,48.808815002441406,5.4079999923706055,46.79370000000001,13.6
0.0457,val,45.9736,13.7,48.159046,11.830000000000002,3.95234589832177,48.41666793823242,5.4079999923706055,45.98887013164431,13.731342086988734
0.0471,train,45.2861,13.8,45.22958,13.928,0.8176883627808872,47.850730895996094,13.083999633789062,45.286100000000005,13.8
0.0486,train,44.6953,13.9,44.744675,13.62,1.0782873663519856,45.21889114379883,13.92799949645996,44.695299999999996,13.9
0.05,train,44.1851,14.1,46.168045,11.830000000000002,2.506065893405282,44.899784088134766,13.619999885559082,44.18509999999999,14.1
0.0514,train,43.7506,14.2,44.18871,14.345,1.7300149455394067,46.04911422729492,13.083999633789062,43.750600000000006,14.2
0.0529,train,43.1359,11.3,45.100838,10.12,2.6227112385414326,44.95936965942383,13.083999633789062,43.13589999999999,11.3
0.0543,train,42.5977,11.9,44.392494,9.74,2.915146048763932,44.23860168457031,9.588000297546388,42.5977,11.9
0.0557,test,42.2989,12.5,43.90045,8.98,4.482288239488662,43.8170166015625,8.979999542236328,42.37677058622048,12.656276169164045
0.0571,train,42.165,13.1,42.022755,12.948,1.526959669768702,43.76166915893555,8.979999542236328,42.165,13.1
0.0586,train,41.6783,8.1,41.886627,8.98,1.2142420425400875,42.3154182434082,13.669600486755373,41.6783,8.1
0.06,train,40.9506,8.1,41.837887,8.984900444742637,1.2634885639146116,41.81039810180664,8.660799026489258,40.950599999999994,8.1
0.0614,train,40.259,8.1,41.632675,9.094,1.4817139909740076,41.30125045776367,9.064000129699709,40.25900000000001,8.1
0.0629,test,39.5919,8.1,40.935173,9.93,4.159649683807388,41.2851791381836,8.979999542236328,39.56829688311843,8.1
0.0643,train,38.9404,8.1,39.918304,9.74,3.372024998982428,40.33473205566406,8.979999542236328,38.940400000000004,8.1
0.0657,train,38.299,8.1,39.62196,9.17,3.244198907555049,39.51115798950195,8.979999542236328,38.299,8.1
0.0671,train,37.6659,8.1,38.731174,9.36,3.464180771240052,38.835330963134766,8.979999542236328,37.6659,8.1
0.0686,train,37.0458,8.1,37.957554,9.36,3.661881683565644,38.14582824707031,8.600000381469727,37.0458,8.1
0.07,train,36.4486,8.1,37.386154,9.17,3.556224497296962,37.516056060791016,8.600000381469727,36.4486,8.1
0.0714,test,35.8881,8.2,36.773376,9.17,3.437108134404796,36.84025573730469,8.979999542236328,35.90646036181859,8.154391403521407
0.0729,val,35.3739,8.3,36.183674,9.17,3.216458578414592,36.25537490844727,8.979999542236328,35.369281702469515,8.281839169047242
0.0743,train,34.9151,8.4,35.682377,9.17,2.8733254897136487,35.777099609375,8.979999542236328,34.9151,8.4
0.0757,train,34.5182,8.5,35.186905,8.98,2.413473809353814,35.320194244384766,8.979999542236328,34.5182,8.5
0.0771,train,34.1787,8.7,34.82099,9.17,1.904608266038976,34.91596984863281,9.359999656677246,34.1787,8.7
0.0786,train,33.8781,9.0,34.47164,9.17,1.6480714503543392,34.59785842895508,9.359999656677246,33.87810000000001,9.0
0.08,train,33.569,9.2,34.18067,9.17,1.5476311625676178,34.3277702331543,9.588000297546388,33.569,9.2
0.0814,val,33.2293,9.4,33.912617,9.17,1.5898706477166786,33.98502731323242,9.588000297546388,33.23733002549582,9.393447296017076
0.0829,train,32.8781,9.6,33.616253,8.98,1.6958358505978826,33.64543533325195,9.359999656677246,32.8781,9.6
0.0843,train,32.5514,9.8,33.36224,8.98,1.7479496452412522,33.34623718261719,9.359999656677246,32.5514,9.8
0.0857,train,32.2761,10.0,33.106464,8.98,1.6902417361727355,33.09038162231445,5.788000106811523,32.27609999999999,10.0
0.0871,train,31.9846,5.8,32.761486,5.56,1.618422642777004,32.73807907104492,5.788000106811523,31.984600000000004,5.8
0.0886,train,31.5566,5.9,32.23598,5.75,1.6063237837450728,32.27835464477539,5.788000106811523,31.556599999999996,5.9
0.09,train,31.1638,6.0,31.804132,6.130000000000001,1.6037062295514024,31.85944557189941,5.788000106811523,31.16379999999999,6.0
0.0914,test,30.8016,6.0,31.39977,6.130000000000001,1.7975052838895118,31.48908805847168,5.788000106811523,30.81418935673722,6.053287520505211
0.0929,train,30.4702,6.1,31.08135,6.7,2.0948298574210007,31.17586326599121,5.788000106811523,30.470200000000002,6.1
0.0943,val,30.168,6.2,30.785181,6.7,2.1437406041925176,30.90236473083496,5.939999580383301,30.170422702385526,6.144956258687148
0.0957,train,29.8936,6.2,30.576912,6.7,1.966841918743797,30.66352653503418,5.939999580383301,29.893599999999992,6.2
0.0971,train,29.6449,6.3,30.39171,8.41,2.0598798749798317,30.45497131347656,5.939999580383301,29.644899999999993,6.3
0.0986,train,29.4237,6.4,30.117952,8.41,2.5386467183017527,30.28539085388184,5.939999580383301,29.423700000000007,6.4
0.1,test,29.2274,6.4,29.88641,8.41,3.1204725288613933,30.1206283569336,6.320000171661377,29.201641658452814,6.644077267550424
0.1041,test,28.8085,6.6,29.244997,9.36,3.925589433114543,29.69217300415039,7.840000152587891,28.489919711709195,8.321339002553483
0.1082,test,28.3133,15.6,28.555065,14.3,3.92352979158816,29.2486515045166,14.83199977874756,27.773605257270034,10.724697076126366
0.1122,val,27.3042,15.6,28.017723,14.3,3.1458832372214154,28.073558807373047,14.45199966430664,27.15158987185048,13.048591747471908
0.1163,val,26.6846,15.6,27.778023,11.830000000000002,3.018403106516629,27.506244659423828,15.0600004196167,26.65192750040851,14.820333964065767
0.1204,train,26.335,15.5,27.375048,14.3,2.8473640897846297,27.11945915222168,15.4399995803833,26.335000000000004,15.5
0.1245,train,26.1798,15.5,26.693184,14.3,3.268254658384412,26.86294937133789,15.4399995803833,26.179799999999997,15.5
0.1286,train,26.1722,15.6,26.609234,14.3,3.741422102499004,26.82980728149414,15.136000633239746,26.172199999999997,15.6
0.1327,train,26.2838,15.7,26.709818,14.3,4.149065284651898,26.92466735839844,15.0600004196167,26.283799999999996,15.7
0.1367,train,26.4976,15.8,26.871725,14.3,4.581336223114752,27.17684364318848,15.0600004196167,26.497600000000006,15.8
0.1408,train,26.8073,16.0,27.296534,14.3,4.732871573798772,27.42641830444336,15.4399995803833,26.8073,16.0
0.1449,val,27.2236,16.2,27.56777,15.63,5.073009355537131,27.83529281616211,15.66800022125244,27.2298298036769,16.181269125256478
0.149,test,27.7785,16.3,28.225166,15.63,4.317355499233463,28.490211486816406,15.81999969482422,27.78886077427989,16.362997496383098
0.1531,train,28.5731,16.6,29.665327,15.63,2.4132435414604134,29.370264053344727,15.744000434875488,28.573100000000004,16.6
0.1571,train,30.1311,17.0,29.486584,14.3,2.872836409057484,30.87000274658203,15.0600004196167,30.131099999999996,17.0
0.1612,val,30.6312,13.7,30.450127,14.3,2.5664066160276864,31.34805679321289,14.755999565124512,30.144908482035977,15.471384933485124
0.1653,train,30.1487,14.0,30.08087,14.3,1.7738386820287004,30.80552864074707,14.755999565124512,30.148700000000005,14.0
0.1694,train,29.7276,14.5,29.941338,15.44,1.5131008986741008,30.39113426208496,15.0600004196167,29.727599999999992,14.5
0.1735,train,29.3792,14.9,29.662365,16.580000000000002,1.4911155165968646,30.06685447692871,15.744000434875488,29.3792,14.9
0.1776,train,29.106,15.4,29.562527,16.580000000000002,1.7109553290638722,29.74951934814453,15.744000434875488,29.105999999999998,15.4
0.1816,val,28.9081,15.9,29.423136,14.11,1.553849271189789,29.482288360595703,15.81999969482422,28.925714377826978,15.83289872201822
0.1857,test,28.782,16.3,29.273191,14.11,1.559972136845369,29.28312492370605,15.4399995803833,28.781624620443296,16.239777557601894
0.1898,train,28.7214,16.6,29.128206,14.3,1.4854928256583515,29.162521362304688,15.4399995803833,28.721399999999996,16.6
0.1939,train,28.7182,16.9,28.95183,14.3,1.3593094472856564,29.13653945922852,15.4399995803833,28.718200000000003,16.9
0.198,train,28.7632,17.1,28.927261,14.3,1.4442044707415995,29.217973709106445,15.0600004196167,28.763199999999998,17.1
0.202,train,28.8386,13.9,28.577738,14.3,0.9770806077419716,29.29502868652344,15.0600004196167,28.838600000000003,13.9
0.2061,train,28.2072,14.6,28.412113,14.3,0.9168403540068124,28.62862014770508,15.0600004196167,28.207199999999997,14.6
0.2102,val,27.7977,15.1,27.842226,14.3,1.0155431269849493,28.171140670776367,15.0600004196167,27.807179523017293,15.067882965808632
0.2143,train,27.5186,15.4,27.553139,14.3,1.178826991131915,27.884492874145508,14.45199966430664,27.518599999999996,15.4
0.2184,train,27.3235,15.6,27.284975,14.3,1.3088421869068665,27.723970413208008,14.83199977874756,27.323500000000003,15.6
0.2224,train,27.1862,15.8,27.143799,16.39,1.294109845051833,27.61186981201172,15.0600004196167,27.186200000000003,15.8
0.2265,train,27.0894,16.0,27.106306,15.63,1.2467360619717525,27.52349090576172,15.0600004196167,27.089399999999998,16.0
0.2306,val,27.0227,16.2,27.075161,15.63,1.3181889004582703,27.48067855834961,15.4399995803833,27.02298369655547,16.207412391310243
0.2347,train,26.9786,16.4,27.089443,15.63,1.453700093887901,27.45962142944336,15.81999969482422,26.978599999999993,16.4
0.2388,test,26.9518,16.5,27.043999,15.63,1.5662470576901977,27.44750213623047,15.81999969482422,26.951650522203686,16.563218060756444
0.2429,train,26.9391,16.7,27.01653,15.63,1.6935198992663782,27.42350006103516,15.81999969482422,26.9391,16.7
0.2469,train,26.9387,16.8,26.997725,15.63,1.8140690085523528,27.4209213256836,15.81999969482422,26.938699999999994,16.8
0.251,train,26.9482,17.0,27.01851,15.63,1.9131245292180092,27.440298080444336,15.81999969482422,26.948199999999996,17.0
0.2551,train,26.9674,17.2,27.055326,15.63,1.9661016905720463,27.46996307373047,15.81999969482422,26.967399999999998,17.2
0.2592,train,26.9956,17.3,27.103823,16.580000000000002,1.9289636854546528,27.501501083374023,15.81999969482422,26.9956,17.3
0.2633,train,27.0322,17.5,27.198193,16.580000000000002,1.7892317783727505,27.54325294494629,16.200000762939453,27.032199999999996,17.5
0.2673,train,27.0775,17.7,27.309044,14.3,1.6232470288458731,27.608423233032227,15.81999969482422,27.077499999999997,17.7
0.2714,train,27.1315,17.9,27.399513,14.3,1.4770916803752017,27.67765998840332,15.81999969482422,27.131500000000003,17.9
0.2755,train,27.1939,18.0,27.4768,14.3,1.4101055393983857,27.71591567993164,15.4399995803833,27.193899999999996,18.0
0.2796,train,27.2655,18.2,27.534079,14.3,1.3868834849035356,27.7447566986084,15.4399995803833,27.265500000000007,18.2
0.2837,val,27.3459,18.3,27.547903,14.3,1.419536373641725,27.788253784179688,15.0600004196167,27.370577368512887,18.415032471523674
0.2878,val,27.4344,18.5,27.567753,14.3,1.568087555325803,27.84148597717285,15.0600004196167,27.481644940357107,18.615444093813988
0.2918,train,27.5309,18.7,27.507462,14.3,1.4652544192309975,27.92268180847168,15.0600004196167,27.5309,18.7
0.2959,train,27.468,13.9,27.508678,15.63,1.6089016929226367,27.87416076660156,15.0600004196167,27.468000000000004,13.9
0.3,val,27.3803,14.2,27.435535,15.63,1.4843721583977705,27.801225662231445,15.0600004196167,27.377749210853512,14.140744762785834
0.3003,test,27.3752,14.2,27.43004,15.63,1.4825349350681871,27.797679901123047,15.0600004196167,27.371316753390655,14.166804884676079
0.302,train,27.3409,14.3,27.454807,15.63,1.5426058427122682,27.773372650146484,15.0600004196167,27.3409,14.3
0.3087,test,27.2404,14.8,27.389784,15.63,1.425876399926219,27.73052978515625,15.0600004196167,27.25012465944786,14.731069178524073
0.3172,test,27.1587,15.3,27.354422,15.63,1.4229947176924984,27.691143035888672,15.363999366760254,27.160510488431484,15.267503902924387
0.3256,train,27.1257,15.8,27.366888,14.3,1.550104164997545,27.636369705200195,15.363999366760254,27.125700000000002,15.8
0.3341,val,27.1363,16.4,27.256401,14.3,1.3569561912084778,27.610864639282227,15.4399995803833,27.145246860308834,16.3766336401527
0.3425,train,27.188,16.9,27.348667,14.3,1.4392637508356974,27.63179397583008,15.0600004196167,27.188000000000002,16.9
0.351,train,27.2748,17.3,27.482126,15.63,1.6111004632911077,27.70744514465332,15.0600004196167,27.2748,17.3
0.3594,train,27.3944,17.8,27.645779,15.63,1.84138145259703,27.82733726501465,15.0600004196167,27.394400000000008,17.8
0.3679,train,27.5419,18.2,27.736067,14.3,1.946479313221321,28.00049018859864,15.0600004196167,27.54189999999999,18.2
0.3764,train,27.5958,12.0,27.809471,14.3,2.060166619729812,28.088638305664062,14.83199977874756,27.595800000000008,12.0
0.3848,train,27.6352,12.3,27.89154,14.3,2.058784189209804,28.1220645904541,14.83199977874756,27.635200000000005,12.3
0.3933,val,27.6967,12.5,27.923431,14.3,2.066234697441525,28.18984603881836,14.83199977874756,27.69931143596123,12.555722996005036
0.4017,test,27.7783,12.8,28.007286,14.3,2.061399852951665,28.292665481567383,15.4399995803833,27.78264324492881,12.783402812485562
0.4102,train,27.8782,13.0,28.166836,14.3,1.953025605024964,28.4589786529541,15.136000633239746,27.8782,13.0
0.4186,train,27.9948,13.2,28.356062,14.3,1.863474943092092,28.60525894165039,15.0600004196167,27.994799999999998,13.2
0.4271,test,28.1264,13.4,28.577621,14.3,1.8034577207509217,28.762413024902344,15.0600004196167,28.128657883881925,13.401841999287116
0.4355,train,28.2715,13.6,28.816214,14.3,1.7336809582546766,28.975555419921875,15.0600004196167,28.271500000000007,13.6
0.444,train,28.4288,13.8,28.977812,14.3,1.6350757076849662,29.170515060424805,15.0600004196167,28.4288,13.8
0.4524,train,28.5968,13.9,29.12774,14.3,1.6973173418626142,29.33300018310547,15.0600004196167,28.596799999999998,13.9
0.4609,val,28.7742,14.1,29.30068,14.3,1.6698635583745545,29.482816696166992,15.0600004196167,28.775300680670874,14.100979971713766
0.4694,train,28.9605,14.3,29.515875,14.3,1.4970274158129704,29.66007232666016,15.0600004196167,28.960500000000003,14.3
0.4778,train,29.1537,14.4,29.71557,14.3,1.383384244887628,29.86139297485352,15.0600004196167,29.153699999999994,14.4
0.4863,test,29.3543,14.6,29.911283,14.3,1.3724332661357137,30.049211502075195,15.0600004196167,29.35624365957152,14.5516919636902
0.4947,train,29.5604,14.7,30.07455,14.3,1.2312798454788694,30.212459564208984,15.0600004196167,29.560400000000005,14.7
0.5032,train,29.7717,14.8,30.216976,14.3,1.1298500686146926,30.40679168701172,15.0600004196167,29.771700000000006,14.8
0.5041,train,29.7946,14.8,30.234127,14.3,1.126101720366788,30.431041717529297,15.0600004196167,29.794600000000003,14.8
0.5116,test,29.9875,15.0,30.392899,14.3,1.1650286069814395,30.63269424438477,15.0600004196167,29.986598639728918,14.908896866265405
0.5201,train,30.2069,15.1,30.61397,14.3,1.3620422071110547,30.840591430664062,15.0600004196167,30.206899999999997,15.1
0.5285,val,30.4296,15.2,30.843565,14.3,1.6058642883665868,31.069721221923828,15.0600004196167,30.429188089766964,15.214393361254723
0.537,test,30.6552,15.3,31.131577,14.3,1.9766208279516144,31.320838928222656,15.0600004196167,30.656641669893414,15.3132295945492
0.5455,val,30.8831,15.4,31.424082,14.3,2.296418199205501,31.598785400390625,15.0600004196167,30.885755406632853,15.40560643635806
0.5539,train,31.113,15.5,31.69228,14.3,2.512901405413447,31.872541427612305,15.4399995803833,31.112999999999996,15.5
0.5624,val,31.3442,15.6,31.91511,14.3,2.613780359593024,32.117088317871094,15.4399995803833,31.404751906668892,15.626168432177632
0.5708,train,31.5768,15.7,31.943638,14.3,2.325441161358268,32.32362365722656,15.4399995803833,31.576799999999995,15.7
0.5793,train,31.5137,11.0,32.055374,14.3,2.2593184111805766,32.253841400146484,15.0600004196167,31.513700000000004,11.0
0.5877,train,31.4481,11.2,32.001953,14.3,2.030096350037037,32.1473503112793,15.0600004196167,31.448100000000004,11.2
0.5962,val,31.3971,11.3,31.918648,14.3,1.9154732031976165,32.0771484375,15.0600004196167,31.395703026047357,11.357050824910406
0.6046,train,31.3556,11.5,31.8622,14.3,1.9823066433486285,32.03618240356445,14.83199977874756,31.355599999999995,11.5
0.6131,val,31.3269,11.7,31.783955,14.3,2.154476005750271,32.02445983886719,14.83199977874756,31.325770663345978,11.659389160278469
0.6215,train,31.3061,11.8,31.747908,14.3,2.348002099310743,32.034568786621094,14.755999565124512,31.3061,11.8
0.63,train,31.2969,11.9,31.716558,14.3,2.531261382258032,32.0608024597168,14.755999565124512,31.296900000000004,11.9
0.6385,train,31.294,12.1,31.706356,14.3,2.6740587474117548,32.08959197998047,14.755999565124512,31.294000000000004,12.1
0.6469,train,31.2998,12.2,31.716911,14.3,2.791765169462072,32.11271286010742,14.755999565124512,31.299800000000005,12.2
0.6554,val,31.3132,12.4,31.74548,14.3,2.8993698797322853,32.1351318359375,14.755999565124512,31.313040067291706,12.351565138206922
0.6638,train,31.3321,12.5,31.809523,14.3,3.0007873349041576,32.15601348876953,14.755999565124512,31.3321,12.5
0.6723,train,31.3579,12.6,31.88768,14.3,3.068407407383429,32.21223831176758,14.755999565124512,31.357899999999994,12.6
0.6807,train,31.3898,12.7,31.971327,14.3,3.0982981562565906,32.30009078979492,14.755999565124512,31.3898,12.7
0.6892,train,31.4269,12.9,32.05285,14.3,3.091183894748953,32.38408279418945,14.755999565124512,31.426899999999993,12.9
0.6976,train,31.4686,13.0,32.137352,14.3,3.0508356058283463,32.45895004272461,14.755999565124512,31.468600000000002,13.0
0.7061,train,31.5152,13.1,32.25248,14.3,2.987163814106408,32.54099655151367,14.755999565124512,31.515200000000004,13.1
0.7167,test,31.5804,13.2,32.435596,14.3,2.88257444590998,32.672245025634766,14.755999565124512,31.58130766397184,13.236060722750528
0.7274,test,31.6522,13.4,32.66332,14.3,2.777891183515104,32.829978942871094,14.755999565124512,31.653513304284495,13.376093964196418
0.738,train,31.7292,13.5,32.877964,14.489999999999998,2.7322634736427185,33.004573822021484,14.755999565124512,31.729200000000006,13.5
0.7486,train,31.8125,13.6,33.010708,14.489999999999998,2.7092856039484308,33.153282165527344,14.755999565124512,31.8125,13.6
0.7593,test,31.9021,13.7,33.09668,14.489999999999998,2.717876788390906,33.23087310791016,14.755999565124512,31.901747934387238,13.749640739040005
0.7699,train,31.995,13.9,33.17553,14.489999999999998,2.730481807163875,33.245628356933594,14.755999565124512,31.995000000000008,13.9
0.7806,test,32.0927,14.0,33.232765,14.489999999999998,2.7876793090659,33.29936218261719,14.755999565124512,32.09429069458291,14.013536637869683
0.7912,val,32.1948,14.1,33.28633,14.489999999999998,2.7729481661686246,33.359615325927734,14.755999565124512,32.19643648275579,14.111442440788158
0.8018,test,32.3009,14.2,33.331394,14.489999999999998,2.704768191823998,33.43753433227539,14.755999565124512,32.30177454969703,14.20385456864864
0.8125,train,32.4108,14.3,33.405525,14.3,2.6142560836320228,33.51716995239258,14.755999565124512,32.410799999999995,14.3
0.8231,test,32.5243,14.4,33.485676,14.3,2.5290356543925645,33.601104736328125,14.83199977874756,32.52402560145611,14.400018124335116
0.8337,train,32.6411,14.5,33.612907,14.3,2.490568875547235,33.71046447753906,14.83199977874756,32.6411,14.5
0.8444,train,32.761,14.6,33.74727,14.3,2.4424813315791054,33.85823440551758,15.0600004196167,32.761,14.6
0.855,train,32.8836,14.7,33.870102,14.489999999999998,2.367914557380561,33.98399353027344,15.0600004196167,32.883599999999994,14.7
0.8657,train,33.0098,14.8,33.979362,14.489999999999998,2.260242225669137,34.08843231201172,15.0600004196167,33.009800000000006,14.8
0.8763,train,33.1392,14.9,34.078335,14.489999999999998,2.1610496509314387,34.185054779052734,15.0600004196167,33.1392,14.9
0.8869,train,33.2698,14.9,34.171352,14.489999999999998,2.11724177205488,34.2709846496582,14.83199977874756,33.26979999999999,14.9
0.8976,train,33.4032,15.0,34.272808,14.489999999999998,2.1772084478988387,34.3529052734375,14.83199977874756,33.403200000000005,15.0
0.9082,train,33.5389,15.1,34.41165,14.489999999999998,2.4703983225757846,34.44736099243164,14.83199977874756,33.53889999999999,15.1
1.1102,train,36.4394,16.1,38.779186,14.489999999999998,5.036756278354083,37.58236312866211,15.81999969482422,36.4394,16.1
1.3122,val,39.6098,16.6,41.5128,14.489999999999998,5.247894931446325,41.18243789672852,14.984000205993652,39.60532806520877,16.603935321567814
1.5143,train,42.7264,16.8,44.342308,14.489999999999998,5.109872781697635,44.24546432495117,15.81999969482422,42.7264,16.8
1.7163,train,45.6353,16.8,47.02644,14.3,5.507881272565295,47.012428283691406,15.66800022125244,45.63529999999999,16.8
1.9184,train,48.2856,16.8,49.525158,14.489999999999998,3.8699207045258177,50.26958465576172,15.363999366760254,48.2856,16.8
2.1204,test,50.6763,16.7,52.113197,14.3,4.171436972836489,52.56751251220703,16.200000762939453,50.66472396499703,16.72100018126355
2.3224,train,52.8272,16.6,53.82485,14.489999999999998,2.9474595084336386,54.1102409362793,15.81999969482422,52.82719999999998,16.6
2.5245,train,54.7643,16.5,55.211914,14.489999999999998,2.2175099560403004,55.93284606933594,15.81999969482422,54.7643,16.5
2.5351,train,54.8609,16.5,55.294827,14.489999999999998,2.1723465197745284,56.02202987670898,15.81999969482422,54.860899999999994,16.5
2.5458,train,54.9572,16.4,55.38012,14.489999999999998,2.131364664180345,56.1128044128418,15.81999969482422,54.9572,16.4
2.5564,test,55.0525,16.4,55.466347,14.489999999999998,2.095399635768692,56.20374298095703,15.81999969482422,55.05264625852203,16.4
2.567,train,55.1475,16.4,55.55425,14.489999999999998,2.064421807839216,56.29591369628906,15.81999969482422,55.147499999999994,16.4
2.5777,train,55.2418,16.4,55.646267,14.489999999999998,2.0380427428353536,56.38894271850586,15.81999969482422,55.24179999999999,16.4
2.5883,train,55.3357,16.4,55.73937,14.489999999999998,2.017703120863921,56.482872009277344,15.81999969482422,55.33570000000002,16.4
2.5989,train,55.429,16.4,55.83579,14.489999999999998,2.0028236169581835,56.57688903808594,15.81999969482422,55.42900000000001,16.4
2.6096,test,55.5219,16.4,55.937115,14.489999999999998,1.9929534407877945,56.67103576660156,15.81999969482422,55.52248435263967,16.4
2.6202,test,55.6143,16.4,56.04066,14.489999999999998,1.987169543366712,56.765567779541016,15.81999969482422,55.614583834863204,16.4
2.6308,train,55.7062,16.4,56.146652,14.489999999999998,1.984459572617939,56.86115264892578,15.81999969482422,55.706199999999995,16.4
2.6414,val,55.7977,16.4,56.25636,14.489999999999998,1.9834649674225884,56.95878601074219,15.81999969482422,55.797216731938946,16.4
2.6521,train,55.8887,16.4,56.36825,14.489999999999998,1.983806026691496,57.06011199951172,15.81999969482422,55.88870000000001,16.4
2.6627,train,55.9792,16.4,56.480293,14.489999999999998,1.9849116171108696,57.16449737548828,15.81999969482422,55.979200000000006,16.4
2.6733,train,56.0693,16.4,56.592552,14.489999999999998,1.9859697134125336,57.26814270019531,15.81999969482422,56.069299999999984,16.4
2.684,train,56.159,16.4,56.706352,14.489999999999998,1.9865124125426863,57.36949157714844,15.81999969482422,56.159000000000006,16.4
2.6946,train,56.2482,16.4,56.81823,14.489999999999998,1.9859864255865023,57.468204498291016,16.42799949645996,56.24819999999998,16.4
2.7052,val,56.3369,16.4,56.930744,14.489999999999998,1.9858573688100023,57.56465911865234,16.42799949645996,56.344388467299595,16.4
2.7159,train,56.4253,16.4,57.011303,14.489999999999998,1.9838213827211,57.663082122802734,16.42799949645996,56.4253,16.4
2.7265,train,56.4694,18.6,57.109234,14.489999999999998,1.990390831874753,57.69034957885742,16.42799949645996,56.46939999999999,18.6
2.9286,val,57.1948,18.6,57.804043,14.489999999999998,1.670347555830069,58.25326919555664,15.4399995803833,57.198710575375735,18.6
3.1306,train,57.8377,18.6,58.389866,14.3,1.417627113350866,58.94859313964844,15.81999969482422,57.83769999999999,18.6
3.3327,train,58.4115,18.6,59.21306,14.3,1.61385189947103,59.63648223876953,15.81999969482422,58.41150000000001,18.6
3.5347,train,58.9267,18.6,60.065453,14.489999999999998,1.552629902628693,60.22275924682617,15.81999969482422,58.926700000000004,18.6
3.7367,test,59.3921,18.6,60.190296,14.489999999999998,1.62750964111359,60.76084518432617,15.4399995803833,59.3900719864588,18.6
3.9388,train,59.8144,18.6,60.805866,14.489999999999998,1.5336346951223794,61.39086151123047,15.4399995803833,59.814400000000006,18.6
4.1408,train,60.1995,18.6,61.562775,14.489999999999998,1.6183455928705408,61.806339263916016,15.81999969482422,60.1995,18.6
4.3429,train,60.5521,18.6,61.883636,14.489999999999998,1.7500377668208915,62.03177261352539,15.81999969482422,60.55210000000001,18.6
4.5449,train,60.876,18.6,62.195404,14.489999999999998,1.5947258856206754,62.43202209472656,15.81999969482422,60.87599999999999,18.6
4.7469,train,61.1748,18.6,62.70042,14.3,1.7340249915214538,63.05476379394531,15.81999969482422,61.17480000000001,18.6
4.949,test,61.4511,18.6,62.95697,14.3,1.7664238672005943,63.23775863647461,15.4399995803833,61.45040888891291,18.6
5.151,train,61.7076,18.6,62.761387,14.3,1.5306154422592844,63.286407470703125,15.212000846862791,61.707600000000006,18.6
5.3531,train,61.9462,18.6,62.866455,14.3,1.2845247950956948,63.313724517822266,15.4399995803833,61.946200000000005,18.6
5.5551,train,62.1687,18.6,63.232613,14.3,1.259126967158536,63.61518096923828,15.81999969482422,62.16870000000001,18.6
5.7571,train,62.3767,18.6,63.462673,14.3,1.2400772765789077,63.8829460144043,15.81999969482422,62.37669999999999,18.6
5.9592,train,62.5716,18.6,63.756443,14.489999999999998,1.3794028785204957,63.964656829833984,15.4399995803833,62.57159999999999,18.6
6.1612,val,62.7546,18.6,63.901993,14.489999999999998,1.465301230784008,64.1752700805664,15.81999969482422,62.75337245706893,18.6
6.3633,test,62.9268,18.6,64.06913,14.489999999999998,1.64183129874834,64.35028076171875,15.81999969482422,62.9256903033858,18.6
6.5653,train,63.0891,18.6,64.145935,14.3,1.5359016813472577,64.6012954711914,15.81999969482422,63.08910000000001,18.6
6.7673,train,63.2423,18.6,64.18968,14.489999999999998,1.7604828050636043,64.7233657836914,15.81999969482422,63.242300000000014,18.6
6.9694,train,63.3871,18.6,64.24066,14.489999999999998,1.6935075949832823,64.77771759033203,15.4399995803833,63.38710000000001,18.6
7.1714,test,63.5243,18.6,64.42622,14.489999999999998,1.5694026815433064,64.86004638671875,15.81999969482422,63.524226194742496,18.6
7.3735,train,63.6544,18.6,64.62198,14.489999999999998,1.6565205670916512,65.11518096923828,15.81999969482422,63.65440000000002,18.6
7.5755,val,63.778,18.6,64.81923,14.489999999999998,1.7895685053083803,65.34852600097656,15.4399995803833,63.77748249764334,18.6
7.7776,val,63.8955,18.6,64.92716,14.489999999999998,1.957548278255656,65.36170196533203,14.83199977874756,63.89490377545654,18.6
7.9796,train,64.0073,18.6,65.02064,14.489999999999998,1.94103222823767,65.41673278808594,14.83199977874756,64.00729999999999,18.6
8.1816,train,64.114,18.6,65.26569,14.489999999999998,1.6435757994336264,65.60362243652344,15.0600004196167,64.114,18.6
8.3837,train,64.2157,18.6,65.670975,14.3,1.5228480866411538,65.7793197631836,15.81999969482422,64.21569999999998,18.6
8.5857,train,64.313,18.6,66.00318,14.3,1.624828482487542,65.87664031982422,15.81999969482422,64.313,18.6
8.7878,test,64.406,18.6,66.019394,14.489999999999998,1.6831371517385811,66.00637817382812,15.81999969482422,64.4058639738475,18.6
8.9898,train,64.495,18.6,65.94518,14.489999999999998,1.702322320083111,66.11869049072266,15.81999969482422,64.49499999999999,18.6
9.1918,train,64.5802,18.6,65.93958,14.489999999999998,1.6388103813308388,66.18660736083984,15.81999969482422,64.58020000000002,18.6
9.3939,train,64.662,18.6,65.977776,14.489999999999998,1.5684745754295757,66.23921966552734,15.81999969482422,64.66199999999999,18.6
9.5959,val,64.7405,18.6,66.0738,14.489999999999998,1.5363091624443326,66.41696166992188,15.81999969482422,64.74041895817655,18.6
9.798,train,64.8159,18.6,66.09415,14.489999999999998,1.625500443571131,66.68116760253906,15.81999969482422,64.81590000000003,18.6
10.0,val,64.8884,18.6,66.53541,14.489999999999998,1.9001499791577017,67.0113296508789,15.81999969482422,64.88812627238866,18.6
