model,E,n_branches_pred,Ta_c_true,k_c_true,Ta_c_pred,k_c_pred,err_Ta_c_pct,err_k_c,err_curve_pct,Ta_c_pred_smooth,k_c_pred_smooth,err_Ta_c_pct_smooth,err_k_c_smooth,err_curve_pct_smooth
CNP zero-shot,0.0002,1,184.5403,5.0,192.47765,5.75,4.301144993274342,0.75,21.761014156821666,192.72931748819974,5.75,4.437522583522258,0.75,21.754346890015416
CNP zero-shot,0.0003,1,183.7265,5.0,189.92293,4.42,3.3726369666027045,0.5800000000000001,12.281283030012261,190.72629002321918,4.609999999999999,3.809896788552103,0.39000000000000057,12.268620829014344
CNP zero-shot,0.0009,2,178.4027,5.0,182.30386,5.287474130517268,2.186717760095913,0.28747413051726767,2.3894405248190744,182.83914351633268,4.944476200075886,2.486758057099281,0.055523799924113604,2.3594098270279864
CNP zero-shot,0.0014,2,174.3287,5.0,176.34772,5.109355032685561,1.158166891140855,0.1093550326855608,1.6986002095153774,176.48150740414363,4.9723765315960415,1.2349127849537345,0.027623468403958462,1.6517776709837066
CNP zero-shot,0.0015,2,173.691,5.0,175.70625,4.954684562370597,1.160251856318295,0.04531543762940338,1.7419724963330743,175.89941602169603,4.954684562370597,1.271462552288849,0.04531543762940338,1.74314584611725
CNP zero-shot,0.0034,1,162.6449,4.9,167.51169,5.18,2.992278412924021,0.27999999999999936,1.7818923330161607,167.45132770011236,4.800000000000001,2.955166562316025,0.09999999999999964,1.7777909187345273
CNP zero-shot,0.0037,1,160.9842,4.8,165.3656,4.42,2.7216339155876845,0.3799999999999999,1.2314098247961025,165.39375789520403,4.609999999999999,2.739124644035895,0.1900000000000004,1.194272989308869
CNP zero-shot,0.0052,2,155.1319,4.7,156.65431,4.220000000000001,0.9813662656030564,0.47999999999999954,0.613048888555426,156.75339757245686,4.29,1.0452380022786256,0.41000000000000014,0.6201913413327996
CNP zero-shot,0.0055,2,154.2701,4.7,156.12038,4.242790897568972,1.1993747245344633,0.45720910243102786,0.8480269650640027,156.17956292443046,4.31328635186395,1.237740122311748,0.38671364813605,0.8526362007151119
CNP zero-shot,0.0066,2,151.097,4.5,150.95363,9.378674229958964,0.09488703280736699,4.878674229958964,0.9106737278569051,151.01568501775884,9.502178017982697,0.0538164108097261,5.002178017982697,0.908455769524615
CNP zero-shot,0.0071,1,145.1238,9.6,148.45079,9.93,2.2925188048228184,0.33000000000000007,1.4356770954672577,148.69537322917503,9.55,2.461052721314516,0.049999999999998934,1.4947667107441225
CNP zero-shot,0.0097,3,121.2745,9.5,120.03317,9.422,1.0235683450174005,0.0779999999999994,2.533059302122933,120.16149125800911,9.422,0.9177599099488343,0.0779999999999994,2.53437307797486
CNP zero-shot,0.0103,3,116.9699,9.5,116.496704,9.332414514110662,0.4045450140912288,0.16758548588933841,0.5040885476239886,116.55221774110548,9.455030439235827,0.3570852491919019,0.04496956076417291,0.4894341465365994
CNP zero-shot,0.0119,2,106.7607,9.6,106.1698,9.708907232670546,0.5534810050069949,0.10890723267054625,1.3463620343807732,106.29372950793187,9.828571102058097,0.4373992415450001,0.2285711020580976,1.340521812100553
CNP zero-shot,0.0124,2,103.5658,9.6,105.2375,10.123,1.6141458394159258,0.5229999999999997,2.2858278966796504,105.34091703292232,10.123,1.7139992477462007,0.5229999999999997,2.2821792715752376
CNP zero-shot,0.0127,1,101.88,9.7,103.90312,9.93,1.9857891129193117,0.23000000000000043,3.6565130757041033,104.1387567459688,9.55,2.217075722387918,0.14999999999999858,3.633342044733065
CNP zero-shot,0.0156,5,87.7727,10.2,87.26872,10.105822814815065,0.5741847588376703,0.09417718518493423,0.4030229911829679,87.33579433921007,10.039317996683497,0.49776942123226364,0.16068200331650218,0.3929996117843359
CNP zero-shot,0.0174,5,81.1148,10.7,79.57401,10.664,1.8995143224816546,0.03599999999999959,1.425199102932979,79.69561531596793,10.727,1.7496001765794578,0.027000000000001023,1.431207601977098
CNP zero-shot,0.0186,5,77.2257,11.0,76.68322,11.08920972987445,0.7024605673137785,0.0892097298744492,0.5425528536079276,76.72792620232528,11.21520972987445,0.644570133614486,0.21520972987445042,0.5461840610298465
CNP zero-shot,0.019,5,75.7865,11.1,75.84467,11.238,0.0767592602089806,0.1379999999999999,0.557277413736894,75.90752131586187,11.364,0.15968716837677643,0.2640000000000011,0.5616079550467686
CNP zero-shot,0.0195,2,74.5646,11.2,75.01242,11.327,0.6005807773352023,0.12700000000000067,0.9427298514957626,74.37399295889631,10.886,0.25562671978887064,0.31400000000000006,0.9977321156411357
CNP zero-shot,0.0203,2,72.1216,11.5,71.73002,11.50321429351504,0.5429460581536483,0.0032142935150396568,0.6936078347108181,71.46108102143988,11.356717988230816,0.9158407170114402,0.14328201176918398,0.7172133654534459
CNP zero-shot,0.0218,3,68.5635,12.1,68.577065,12.038439249830711,0.01978387066026155,0.061560750169288525,0.41047494202919377,68.63685084580203,12.038439249830711,0.10698235329589245,0.061560750169288525,0.4023891032653676
CNP zero-shot,0.0239,3,64.7112,13.1,64.59876,13.161129736781314,0.17375274727245982,0.06112973678131439,0.3050567145417459,64.57854674221403,13.161129736781314,0.20499273353913328,0.06112973678131439,0.2945586401001438
CNP zero-shot,0.0256,3,62.2736,14.2,62.178116,14.23764162754926,0.15333007128773835,0.03764162754926126,0.3290196766092979,62.19581034241045,14.23764162754926,0.12491594767213288,0.03764162754926126,0.3243004628460009
CNP zero-shot,0.0262,3,61.5743,14.6,61.57001,14.70543358129676,0.006965342819953424,0.10543358129675973,0.4053632025587602,61.60225614291676,14.644576496024309,0.04540229108045413,0.04457649602430891,0.39558357288236357
CNP zero-shot,0.0269,3,60.8537,15.0,60.843906,14.92553771352232,0.016093676164496973,0.07446228647767938,0.43847433654246804,60.9300103712188,14.92553771352232,0.1253997229729631,0.07446228647767938,0.433387990180005
CNP zero-shot,0.0291,3,57.932,12.5,57.917084,12.040710170014169,0.02574787641653753,0.45928982998583123,0.4102249611729462,57.97262722542414,11.853379126330704,0.07012916078183995,0.6466208736692955,0.4055425354629806
CNP zero-shot,0.0309,2,56.1506,13.1,55.832436,12.52,0.5666268785905038,0.5800000000000001,0.6012188698662572,55.850105376191365,12.656,0.5351583488130696,0.44399999999999906,0.5815360490514309
CNP zero-shot,0.0311,2,55.8932,4.8,55.678917,12.656,0.3833794966966564,7.856000000000001,0.7221298526372174,55.702088927748356,12.656,0.34192186572185035,7.856000000000001,0.6999377944706493
CNP zero-shot,0.0343,3,51.8611,5.0,51.024372,4.941224691115822,1.6134017580998528,0.05877530888417759,4.1457418982744825,51.09575380903839,4.941224691115822,1.4757615842348248,0.05877530888417759,4.128396861215754
CNP zero-shot,0.0557,1,42.2989,12.5,43.90045,8.98,3.7862725984747714,3.5199999999999996,4.48229010171185,43.914508594262074,8.98,3.819504985382771,3.5199999999999996,4.491338358015233
CNP zero-shot,0.0629,1,39.5919,8.1,40.935173,9.93,3.392797604227038,1.83,4.159649361459852,41.00278802391885,9.74,3.5635774588207436,1.6400000000000006,4.166196301843093
CNP zero-shot,0.0714,1,35.8881,8.2,36.773376,9.17,2.4667688310157088,0.9700000000000006,3.4371086941531703,36.822152630448045,8.790000000000001,2.6026806391200585,0.5900000000000016,3.433320907642231
CNP zero-shot,0.0914,1,30.8016,6.0,31.399773,6.130000000000001,1.9420180901088546,0.13000000000000078,1.797505555391592,31.400070101412012,6.51,1.942983810620258,0.5099999999999998,1.7823873827274437
CNP zero-shot,0.1,1,29.2274,6.4,29.88641,8.41,2.254766963607735,2.01,3.120472931453547,29.93044128436294,8.600000000000001,2.405418492109934,2.200000000000001,3.116410005214003
CNP zero-shot,0.1041,1,28.8085,6.6,29.244997,9.36,1.515167483680635,2.76,3.9255891366468063,29.257572583103588,9.55,1.5588197341187104,2.950000000000001,3.9180069441378715
CNP zero-shot,0.1082,1,28.3133,15.6,28.555065,14.3,0.8538925347073567,1.299999999999999,3.923531057271585,28.583977722249635,14.3,0.9560090920155417,1.299999999999999,3.9076034013915155
CNP zero-shot,0.149,1,27.7785,16.3,28.225166,15.63,1.6079569480021538,0.6699999999999999,4.317356072714891,28.269117001478147,15.63,1.7661752847639267,0.6699999999999999,4.32145009401598
CNP zero-shot,0.1857,1,28.782,16.3,29.273191,14.110000000000001,1.7065924954011713,2.1899999999999995,1.559972067750427,29.320083839241875,14.110000000000001,1.869515110978659,2.1899999999999995,1.550566441326966
CNP zero-shot,0.2388,1,26.9518,16.5,27.043999,15.63,0.34208742370349654,0.8699999999999992,1.5662465753539012,27.076945596961576,16.01,0.4643311280195572,0.48999999999999844,1.5482316492961845
CNP zero-shot,0.3003,1,27.3752,14.2,27.43004,15.63,0.2003286167665319,1.4300000000000015,1.4825354605615364,27.47637117959883,15.63,0.369572385220307,1.4300000000000015,1.475332897817695
CNP zero-shot,0.3087,1,27.2404,14.8,27.389784,15.63,0.5483908432068807,0.8300000000000001,1.4258768996943232,27.439644638528144,15.63,0.7314306637499435,0.8300000000000001,1.4113995621992572
CNP zero-shot,0.3172,1,27.1587,15.3,27.354422,15.63,0.7206589991442414,0.33000000000000007,1.4229952596816589,27.39543584093132,14.3,0.8716758936595737,1.0,1.4120868219065075
CNP zero-shot,0.4017,1,27.7783,12.8,28.007288,14.3,0.8243412272384454,1.5,2.0613987426333473,28.06995591527309,14.3,1.0499415560818681,1.5,2.04999669122134
CNP zero-shot,0.4271,1,28.1264,13.4,28.577621,14.3,1.604263112097315,0.9000000000000004,1.8034568785599514,28.622936506192765,14.3,1.7653752566726189,0.9000000000000004,1.7948452107284143
CNP zero-shot,0.4863,1,29.3543,14.6,29.911285,14.3,1.8974576140143862,0.29999999999999893,1.3724336535610098,29.98610819510086,14.489999999999998,2.152353130890061,0.11000000000000121,1.3613887669835887
CNP zero-shot,0.5116,1,29.9875,15.0,30.392899,14.3,1.3518918201594454,0.6999999999999993,1.1650273488448804,30.4584915333721,14.3,1.57062620549262,0.6999999999999993,1.1173069131191518
CNP zero-shot,0.537,1,30.6552,15.3,31.131577,14.3,1.5539828090697094,1.0,1.97662083599694,31.203913773731223,14.3,1.789953331673666,1.0,1.9581866204036968
CNP zero-shot,0.7167,1,31.5804,13.2,32.435596,14.3,2.7079975746489904,1.1000000000000014,2.8825745301385637,32.511291248690206,14.3,2.947686693931062,1.1000000000000014,2.8393335781632603
CNP zero-shot,0.7274,1,31.6522,13.4,32.66332,14.3,3.1944655791167786,0.9000000000000004,2.777891309896537,32.74582328781469,14.3,3.455125671563697,0.9000000000000004,2.742795122221185
CNP zero-shot,0.7593,1,31.9021,13.7,33.09668,14.489999999999998,3.744517406377623,0.7899999999999991,2.717877888219193,33.202112589623106,14.3,4.0750063150172045,0.6000000000000014,2.6998328300398917
CNP zero-shot,0.7806,1,32.0927,14.0,33.232765,14.489999999999998,3.552412847014752,0.48999999999999844,2.7876799596649358,33.315028065777234,14.3,3.8087417567771897,0.3000000000000007,2.7650525877127925
CNP zero-shot,0.8018,1,32.3009,14.2,33.331394,14.489999999999998,3.190295612681515,0.28999999999999915,2.7047679952771486,33.38803378245788,14.3,3.365645484979929,0.10000000000000142,2.679634883631316
CNP zero-shot,0.8231,1,32.5243,14.4,33.485676,14.3,2.9558693400552283,0.09999999999999964,2.5290363682108956,33.550694893632645,14.3,3.1557785828830953,0.09999999999999964,2.4957542763475367
CNP zero-shot,2.1204,1,50.6763,16.7,52.1132,14.3,2.835449986201488,2.3999999999999986,4.171437005929802,52.270767486162995,14.3,3.1463770759960763,2.3999999999999986,4.1774411269459
CNP zero-shot,2.5564,1,55.0525,16.4,55.466347,14.489999999999998,0.7517310580312575,1.9100000000000001,2.0953999876440945,55.57767822707777,14.489999999999998,0.953958906639607,1.9100000000000001,2.068544316192515
CNP zero-shot,2.6096,1,55.5219,16.4,55.937115,14.489999999999998,0.7478395292239037,1.9100000000000001,1.9929515579630959,56.03450336891898,14.489999999999998,0.9232453660969364,1.9100000000000001,1.975892793605205
CNP zero-shot,2.6202,1,55.6143,16.4,56.04066,14.489999999999998,0.7666389007041197,1.9100000000000001,1.9871715178085312,56.137343722697025,14.489999999999998,0.9404842328268437,1.9100000000000001,1.970302849741935
CNP zero-shot,3.7367,1,59.3921,18.6,60.190296,14.489999999999998,1.3439433411105206,4.110000000000003,1.6275104354124794,60.35063005653295,14.489999999999998,1.6139016073399404,4.110000000000003,1.5766409940802035
CNP zero-shot,4.949,1,61.4511,18.6,62.95697,14.3,2.4505179156170565,4.300000000000001,1.7664248403731537,63.11608056567749,14.3,2.7094398077129656,4.300000000000001,1.7459410469726044
CNP zero-shot,6.3633,1,62.9268,18.6,64.06913,14.489999999999998,1.8153313752608646,4.110000000000003,1.6418319011367575,64.14519583769668,14.3,1.9362113403139425,4.300000000000001,1.6325912042117487
CNP zero-shot,7.1714,1,63.5243,18.6,64.42622,14.489999999999998,1.4198090413948927,4.110000000000003,1.5694025807787586,64.54275536509617,14.3,1.6032531883014345,4.300000000000001,1.5340892762753326
CNP zero-shot,8.7878,1,64.406,18.6,66.019394,14.489999999999998,2.5050366749967967,4.110000000000003,1.683136722728857,66.21265682175958,14.3,2.8051063903356432,4.300000000000001,1.6333279094070803
CNP conditionné,0.0002,1,184.5403,5.0,197.69551,4.99,7.128638494820816,0.009999999999999787,7.310399676293771,197.84402970052687,5.18,7.2091189298634895,0.17999999999999972,7.300228360098274
CNP conditionné,0.0003,1,183.7265,5.0,188.91437,4.99,2.8236904724039613,0.009999999999999787,2.5129658607216045,189.2135490553566,4.99,2.986531096688072,0.009999999999999787,2.4990183710679865
CNP conditionné,0.0009,2,178.4027,5.0,180.9337,4.772977234855196,1.4187008164805892,0.22702276514480424,1.376674096238558,180.90601948761605,4.944476200075886,1.4031847542756104,0.055523799924113604,1.3762403781760015
CNP conditionné,0.0014,2,174.3287,5.0,176.40637,5.109355032685561,1.1918129776178565,0.1093550326855608,1.7045494432383197,176.37429873081234,4.835398030506523,1.1734147795585903,0.16460196949347683,1.6942303789646336
CNP conditionné,0.0015,2,173.691,5.0,175.46075,5.0865073811162835,1.0189096697763578,0.08650738111628353,1.4230937158197483,175.52052071111314,5.0865073811162835,1.0533192342223385,0.08650738111628353,1.4241632659778958
CNP conditionné,0.0034,1,162.6449,4.9,163.66441,4.99,0.6268339506178444,0.08999999999999986,0.8702071683597639,163.728753771694,4.99,0.6663927191654873,0.08999999999999986,0.9085870482319471
CNP conditionné,0.0037,1,160.9842,4.8,160.61966,4.99,0.2264449406661373,0.1900000000000004,1.0502501576369634,160.66163006960429,4.99,0.20037365803333707,0.1900000000000004,1.0843510779106307
CNP conditionné,0.0052,2,155.1319,4.7,154.66113,4.640000000000001,0.30346252930570916,0.05999999999999961,0.48115512142583,154.6995115556732,4.71,0.27872310229346553,0.009999999999999787,0.5153087649088722
CNP conditionné,0.0055,2,154.2701,4.7,154.29475,4.665763623338838,0.01598108014468913,0.03423637666116175,0.47295651771672503,154.3273429544258,4.736259077633816,0.03710567013686106,0.036259077633816084,0.49963310102009256
CNP conditionné,0.0066,2,151.097,4.5,150.4723,4.524299234742153,0.4134395137881275,0.024299234742152898,0.7596054728321298,150.47648344065692,4.59079544671842,0.41067430812199435,0.09079544671842044,0.7599197453052944
CNP conditionné,0.0071,1,145.1238,9.6,144.22356,9.55,0.620327941692056,0.049999999999998934,0.9274421188100599,144.17095142597282,9.55,0.6565763672307212,0.049999999999998934,1.1357318588974437
CNP conditionné,0.0097,3,121.2745,9.5,120.624916,9.545,0.5356310876069137,0.04499999999999993,0.8370187594781521,120.62867540432381,9.545,0.5325312375447311,0.04499999999999993,0.8396177446697007
CNP conditionné,0.0103,3,116.9699,9.5,116.58229,9.455030439235827,0.33137529448681313,0.04496956076417291,0.4580902055681664,116.6114119830177,9.455030439235827,0.3064788607857971,0.04496956076417291,0.4598973023812191
CNP conditionné,0.0119,2,106.7607,9.6,105.69888,9.708907232670546,0.99457660296286,0.10890723267054625,1.0991737603927318,105.71159751076306,9.589243363282993,0.9826673010170817,0.010756636717006884,1.0992201980545615
CNP conditionné,0.0124,2,103.5658,9.6,103.87796,9.766,0.30141244028254466,0.16600000000000037,1.7822913317898699,103.9482088265891,9.766,0.3692423817409862,0.16600000000000037,1.7758283630712697
CNP conditionné,0.0127,1,101.88,9.7,102.36173,9.74,0.47284303387333804,0.040000000000000924,1.6303514425778856,102.3655657239606,9.36,0.47660553981214715,0.33999999999999986,1.657151426737297
CNP conditionné,0.0156,5,87.7727,10.2,87.62026,10.238832451078201,0.17367342465699487,0.03883245107820166,0.26883258278314387,87.64766532701037,10.238832451078201,0.14245280478967226,0.03883245107820166,0.2683903571515125
CNP conditionné,0.0174,5,81.1148,10.7,80.53209,10.664,0.7183778627347426,0.03599999999999959,0.5569064719299188,80.55313193978904,10.601,0.6924359798840207,0.09899999999999842,0.5710940443701745
CNP conditionné,0.0186,5,77.2257,11.0,76.96874,11.026209729874449,0.3327359019012266,0.026209729874448584,0.3344119855487906,76.96756393585659,10.90020972987445,0.33426186378811007,0.09979027012555086,0.3464784114537323
CNP conditionné,0.019,5,75.7865,11.1,75.738075,10.923,0.0638962660267306,0.1769999999999996,0.3278466769915606,75.7477263217628,10.986,0.051161721727754905,0.11399999999999899,0.3537041547955367
CNP conditionné,0.0195,2,74.5646,11.2,74.769516,11.474,0.27481672430473836,0.2740000000000009,0.5294727887506673,73.98897196994126,10.886,0.7719856742458675,0.31400000000000006,0.6012956622288794
CNP conditionné,0.0203,2,72.1216,11.5,71.85703,11.356717988230816,0.3668349345010258,0.14328201176918398,0.4353374960902485,71.45968800197724,11.356717988230816,0.9177722041978531,0.14328201176918398,0.4743679187515525
CNP conditionné,0.0218,3,68.5635,12.1,68.54166,12.125928928403999,0.0318587963849315,0.025928928403999407,0.34606282514816833,68.54041823802181,12.038439249830711,0.03366479537683098,0.061560750169288525,0.3449030072527483
CNP conditionné,0.0239,3,64.7112,13.1,64.581184,13.00915484204312,0.20091670807058648,0.09084515795687942,0.2793552396456958,64.5882834463417,13.00915484204312,0.18994633642753778,0.09084515795687942,0.27833555723006376
CNP conditionné,0.0256,3,62.2736,14.2,62.26202,14.302387227239718,0.018595181450919984,0.10238722723971883,0.36345664574945213,62.253278903804556,14.23764162754926,0.0326319599243452,0.03764162754926126,0.3639252647030464
CNP conditionné,0.0262,3,61.5743,14.6,61.55801,14.644576496024309,0.026455678232062407,0.04457649602430891,0.3901694089551307,61.55767826469303,14.644576496024309,0.02699459889429212,0.04457649602430891,0.38938934690250177
CNP conditionné,0.0269,3,60.8537,15.0,60.812794,14.92553771352232,0.06722067567058732,0.07446228647767938,0.4180140521358922,60.83177276133629,14.92553771352232,0.03603271233091343,0.07446228647767938,0.4176674891441017
CNP conditionné,0.0291,3,57.932,12.5,57.973186,12.134375691855901,0.07109454691693884,0.3656243081440991,0.2514884443031871,57.988385343298056,12.134375691855901,0.09733022042748285,0.3656243081440991,0.2514294195132485
CNP conditionné,0.0309,2,56.1506,13.1,55.967735,12.792000000000002,0.3256683089275181,0.30799999999999805,0.33599043888550434,55.98099035815582,12.792000000000002,0.3020620293357035,0.30799999999999805,0.3486705285841571
CNP conditionné,0.0311,2,55.8932,4.8,55.768772,12.656,0.22261719628838827,7.856000000000001,0.45220609350034735,55.78620553120673,12.656,0.19142662934537036,7.856000000000001,0.4468762732890524
CNP conditionné,0.0343,3,51.8611,5.0,51.3818,4.885714484198698,0.9241963529030284,0.11428551580130186,3.21904729377314,51.385157073206905,4.830204277281574,0.917726247212447,0.16979572271842613,3.2090086225485766
CNP conditionné,0.0557,1,42.2989,12.5,44.085644,10.31,4.224090386063328,2.1899999999999995,2.524946898812507,44.10011648280678,10.69,4.2583057308979155,1.8100000000000005,2.524893664300768
CNP conditionné,0.0629,1,39.5919,8.1,40.455177,8.98,2.180439198747486,0.8800000000000008,2.3905121168539734,40.48509995785786,8.98,2.2560169071397462,0.8800000000000008,2.3775272473189024
CNP conditionné,0.0714,1,35.8881,8.2,36.3807,8.98,1.3725974841656274,0.7800000000000011,2.029217746590515,36.37818173220139,8.790000000000001,1.3655828316388785,0.5900000000000016,2.0370479125746956
CNP conditionné,0.0914,1,30.8016,6.0,31.296474,5.75,1.6066517868783103,0.25,1.347101216886615,31.343547002282968,5.75,1.7594767878388318,0.25,1.352046415017121
CNP conditionné,0.1,1,29.2274,6.4,30.064476,7.2700000000000005,2.8640112127099826,0.8700000000000001,1.9188614002435038,30.09001028034197,7.2700000000000005,2.951375354434438,0.8700000000000001,1.9262872611688469
CNP conditionné,0.1041,1,28.8085,6.6,30.182371,7.84,4.768978390150025,1.2400000000000002,2.96411751279221,30.24244805074966,8.030000000000001,4.977517228420991,1.4300000000000015,2.969677108663967
CNP conditionné,0.1082,1,28.3133,15.6,29.403683,14.3,3.8511325375008676,1.299999999999999,3.030273839015298,29.470499650164797,14.3,4.087123896418987,1.299999999999999,3.034797810563667
CNP conditionné,0.149,1,27.7785,16.3,28.235275,16.200000000000003,1.6443482137433074,0.09999999999999787,3.164058965310169,28.24667728577814,16.01,1.6853944085466699,0.28999999999999915,3.1707573348938562
CNP conditionné,0.1857,1,28.782,16.3,28.95231,16.200000000000003,0.5917259472371317,0.09999999999999787,0.7271662165757631,28.955654471047655,16.39,0.6033440033620163,0.08999999999999986,0.732415138953241
CNP conditionné,0.2388,1,26.9518,16.5,27.005774,15.82,0.20025951629027983,0.6799999999999997,1.2017278930204272,27.015479370688965,16.01,0.23627130911094696,0.48999999999999844,1.210494792141508
CNP conditionné,0.3003,1,27.3752,14.2,27.43368,15.44,0.21362247833249803,1.2400000000000002,0.7782113773130299,27.450494674261556,15.63,0.27504702892235944,1.4300000000000015,0.7829232673646864
CNP conditionné,0.3087,1,27.2404,14.8,27.353617,15.82,0.41562060203792495,1.0199999999999996,0.7722618631484196,27.361630902008738,15.82,0.44504082909477827,1.0199999999999996,0.7826956104174878
CNP conditionné,0.3172,1,27.1587,15.3,27.217024,16.200000000000003,0.21475199286897784,0.9000000000000021,0.9222061475445646,27.225902835404288,16.39,0.24744496387636428,1.0899999999999999,0.9277434834672728
CNP conditionné,0.4017,1,27.7783,12.8,27.888916,14.489999999999998,0.398210169898805,1.6899999999999977,1.1581608287002907,27.900631017776075,14.489999999999998,0.44038338478622485,1.6899999999999977,1.1519835923797
CNP conditionné,0.4271,1,28.1264,13.4,28.417168,14.3,1.0337891218720419,0.9000000000000004,1.1219000393911491,28.440214945917365,14.3,1.1157309357662681,0.9000000000000004,1.119544463023275
CNP conditionné,0.4863,1,29.3543,14.6,29.608875,14.489999999999998,0.8672503676061316,0.11000000000000121,1.2391710251670596,29.619269741583082,14.87,0.9026607399361675,0.2699999999999996,1.23958930655643
CNP conditionné,0.5116,1,29.9875,15.0,30.332403,14.489999999999998,1.1501565084898635,0.5100000000000016,1.034995442508638,30.3467171473852,14.489999999999998,1.1978896119556381,0.5100000000000016,1.0333959930959058
CNP conditionné,0.537,1,30.6552,15.3,31.105022,14.489999999999998,1.4673609385028374,0.8100000000000023,0.9979529722420024,31.125582162352156,14.489999999999998,1.5344286201106394,0.8100000000000023,1.005620210633759
CNP conditionné,0.7167,1,31.5804,13.2,32.467876,14.489999999999998,2.8102127722453574,1.2899999999999991,2.4494760568448246,32.49808921255707,14.3,2.9058821691842596,1.1000000000000014,2.4476757121018813
CNP conditionné,0.7274,1,31.6522,13.4,32.683025,14.489999999999998,3.2567257887522016,1.089999999999998,2.4179639118470027,32.72706121074943,14.489999999999998,3.395849927491401,1.089999999999998,2.416503443626323
CNP conditionné,0.7593,1,31.9021,13.7,33.05998,14.489999999999998,3.629474188556303,0.7899999999999991,2.5992249083423435,33.090116038592626,14.489999999999998,3.7239430588977607,0.7899999999999991,2.605427976280683
CNP conditionné,0.7806,1,32.0927,14.0,33.28347,14.3,3.7104081420653134,0.3000000000000007,2.424727638349285,33.303485217106044,14.3,3.772774547189983,0.3000000000000007,2.427318653679275
CNP conditionné,0.8018,1,32.3009,14.2,33.52207,14.3,3.7806124237371286,0.10000000000000142,2.35901357350732,33.536006143992125,14.489999999999998,3.8237514867762945,0.28999999999999915,2.364224133835213
CNP conditionné,0.8231,1,32.5243,14.4,33.741295,14.489999999999998,3.741801855350757,0.08999999999999808,2.3412146826807745,33.76094834251679,14.489999999999998,3.8022289258086817,0.08999999999999808,2.3453225414400225
CNP conditionné,2.1204,1,50.6763,16.7,52.070744,15.82,2.7516680594104503,0.879999999999999,2.456878571300191,52.10810030287673,15.63,2.8253844556069163,1.0699999999999985,2.4658336195053536
CNP conditionné,2.5564,1,55.0525,16.4,55.600376,16.770000000000003,0.9951884640123421,0.37000000000000455,1.102486204918805,55.61993399103786,16.770000000000003,1.0307143018716047,0.37000000000000455,1.1109013838200221
CNP conditionné,2.6096,1,55.5219,16.4,55.883102,16.770000000000003,0.650558458900341,0.37000000000000455,1.1200109104848728,55.899897966612436,16.770000000000003,0.6808087738575885,0.37000000000000455,1.1284095595341468
CNP conditionné,2.6202,1,55.6143,16.4,55.94559,16.770000000000003,0.5956938645283572,0.37000000000000455,1.1000117070711781,55.96224520924366,16.770000000000003,0.6256398250875428,0.37000000000000455,1.1087004343160674
CNP conditionné,3.7367,1,59.3921,18.6,60.382664,15.44,1.6678375184690175,3.160000000000002,1.2601296789807435,60.43021977684281,15.25,1.7479088579841706,3.3500000000000014,1.2614414060983554
CNP conditionné,4.949,1,61.4511,18.6,62.042225,16.770000000000003,0.9619435356457595,1.8299999999999983,0.9913768443555323,62.062578738277416,16.770000000000003,0.9950655696601363,1.8299999999999983,0.9985567867866765
CNP conditionné,6.3633,1,62.9268,18.6,63.65675,15.44,1.1599981650771918,3.160000000000002,1.0300662938691405,63.69918581184728,15.63,1.2274353881768674,2.9700000000000006,1.032924517331382
CNP conditionné,7.1714,1,63.5243,18.6,64.06187,15.44,0.8462379912158147,3.160000000000002,1.3437588220116903,64.09366149488736,16.770000000000003,0.8962892859698757,1.8299999999999983,1.3495355857147007
CNP conditionné,8.7878,1,64.406,18.6,64.81035,16.580000000000002,0.6278118665065113,2.0199999999999996,1.044096523803596,64.82268745019569,16.770000000000003,0.6469699254660677,1.8299999999999983,1.0512582690524253
DIST,0.0002,1,184.5403,5.0,186.31744,8.98,0.9630112488471232,3.9800000000000004,28.464723912081542,186.64070158012498,9.17,1.1381804300334197,4.17,28.45662111067298
DIST,0.0003,1,183.7265,5.0,188.22874,5.37,2.4505144912878363,0.3700000000000001,23.541500575749268,188.40268412605485,5.18,2.545187616405298,0.17999999999999972,23.531382625131034
DIST,0.0009,2,178.4027,5.0,181.04816,5.115975165296577,1.4828568952606869,0.11597516529657703,2.1614212843569915,181.0826661480358,5.115975165296577,1.502200442053736,0.11597516529657703,2.166400276342549
DIST,0.0014,2,174.3287,5.0,177.02046,5.383312034864598,1.5440727981868907,0.3833120348645984,1.3517718464778716,177.23881185618677,5.246333533775079,1.6693245898046438,0.24633353377507916,1.3336490483455086
DIST,0.0015,2,173.691,5.0,176.33742,5.2183301998619696,1.523635422986258,0.21833019986196955,2.3005780048186373,176.62669468126995,5.2183301998619696,1.690182382086558,0.21833019986196955,2.295447314180491
DIST,0.0034,1,162.6449,4.9,164.91206,4.800000000000001,1.3939346383641915,0.09999999999999964,1.3644664223440761,164.91707952948568,4.800000000000001,1.3970186150845665,0.09999999999999964,1.4172838046491347
DIST,0.0037,1,160.9842,4.8,162.8614,4.99,1.1660799127773513,0.1900000000000004,1.081483052559446,162.9303521798686,4.99,1.208908812087528,0.1900000000000004,1.1154020728459852
DIST,0.0052,2,155.1319,4.7,156.13725,4.29,0.6480632336851366,0.41000000000000014,0.6986004379385624,156.18110321225927,4.29,0.6763297634202026,0.41000000000000014,0.7108941218155197
DIST,0.0055,2,154.2701,4.7,155.63495,4.524772714748883,0.8847137134601724,0.17522728525111742,0.7721673287179063,155.65709391201742,4.383781806158927,0.899068524631419,0.3162181938410731,0.779903959609404
DIST,0.0066,2,151.097,4.5,150.64786,9.872689382053895,0.29725430285471033,5.3726893820538955,0.7988903649082781,150.7078349701421,9.749185594030163,0.2575597330575108,5.249185594030163,0.7920355162351921
DIST,0.0071,1,145.1238,9.6,146.92438,9.74,1.2407182291300778,0.14000000000000057,1.5804708321733836,146.91176863124153,9.74,1.2320299160038184,0.14000000000000057,1.6216463234758196
DIST,0.0097,3,121.2745,9.5,121.610985,9.914,0.27745717545410997,0.4139999999999997,1.3062524780376652,121.63744823839774,9.914,0.2992782805929739,0.4139999999999997,1.2964344788064315
DIST,0.0103,3,116.9699,9.5,116.78517,9.455030439235827,0.157928228724602,0.04496956076417291,0.5250605835824531,116.8123465823131,9.57764636436099,0.1346956932397947,0.07764636436099082,0.5239588208129397
DIST,0.0119,2,106.7607,9.6,106.21778,9.708907232670546,0.5085381915868603,0.10890723267054625,1.3389372432246767,106.23354895573426,9.589243363282993,0.49376881592733124,0.010756636717006884,1.3356567408257978
DIST,0.0124,2,103.5658,9.6,105.24468,9.766,1.6210779156939026,0.16600000000000037,3.439117604143336,105.28572216210648,9.885,1.660704752057618,0.28500000000000014,3.4381992960274137
DIST,0.0127,1,101.88,9.7,103.84758,9.74,1.9312720416712725,0.040000000000000924,2.6121990661139383,103.91192002262291,9.74,1.994424835711528,0.040000000000000924,2.602894839188605
DIST,0.0156,5,87.7727,10.2,87.739975,10.105822814815065,0.037283830181888966,0.09417718518493423,0.2822201333392995,87.74603963579719,10.172327632946633,0.030374323910298262,0.027672367053366287,0.276624470668112
DIST,0.0174,5,81.1148,10.7,79.74046,10.727,1.6943107092220688,0.027000000000001023,1.7537111420355362,79.72354103389918,10.601,1.7151727750063128,0.09899999999999842,1.7709024412186132
DIST,0.0186,5,77.2257,11.0,76.99661,11.026209729874449,0.2966466489418451,0.026209729874448584,0.40128070778665137,77.07602075554973,11.08920972987445,0.19382050852276844,0.0892097298744492,0.3910445190588533
DIST,0.019,5,75.7865,11.1,76.81286,10.86,1.3542762649587425,0.2400000000000002,0.8196826761344131,76.94379130489267,10.923,1.5270414980143698,0.1769999999999996,0.8353910253682248
DIST,0.0195,2,74.5646,11.2,74.25684,11.474,0.41273799243268794,0.2740000000000009,0.8167376289343014,74.8262814041461,11.474,0.35094589677420185,0.2740000000000009,0.8583736606628907
DIST,0.0203,2,72.1216,11.5,71.918175,11.356717988230816,0.28205871243518477,0.14328201176918398,0.5467515685104989,71.76979560724762,11.356717988230816,0.4877933833309145,0.14328201176918398,0.5779910148812497
DIST,0.0218,3,68.5635,12.1,68.50263,12.213418606977289,0.08877589225567695,0.11341860697728912,0.3325446344830031,68.49828219075701,12.125928928403999,0.09512030343111766,0.025928928403999407,0.32864276693416444
DIST,0.0239,3,64.7112,13.1,64.34242,13.00915484204312,0.5698820523316606,0.09084515795687942,0.2893979545453586,64.37133539176813,13.00915484204312,0.5252021415641739,0.09084515795687942,0.28568452918071613
DIST,0.0256,3,62.2736,14.2,62.007587,14.23764162754926,0.4271674788974389,0.03764162754926126,0.32885457218862374,62.00556364717655,14.172896027858803,0.4304173081746576,0.02710397214119631,0.32904930464861065
DIST,0.0262,3,61.5743,14.6,61.336506,14.644576496024309,0.3861905212197647,0.04457649602430891,0.27796177386079146,61.347767782531584,14.522862325479405,0.3679005972758387,0.0771376745205945,0.27780902009667924
DIST,0.0269,3,60.8537,15.0,60.735043,14.867210560804187,0.19498802534360093,0.13278943919581288,0.43815274594319115,60.75449278402557,14.92553771352232,0.1630257748903241,0.07446228647767938,0.43611418189790874
DIST,0.0291,3,57.932,12.5,57.920628,12.415372257381097,0.01963061176182279,0.0846277426189026,0.39244905165893584,57.92504534348128,12.228041213697633,0.01200486176676785,0.2719587863023669,0.38603403418566734
DIST,0.0309,2,56.1506,13.1,55.94688,12.656,0.3628094079561439,0.44399999999999906,0.4497750070279623,55.967550270571415,12.656,0.3259978155684573,0.44399999999999906,0.4688362028595957
DIST,0.0311,2,55.8932,4.8,55.84925,12.52,0.07863068592058875,7.72,0.43111658042341783,55.888286196431146,12.52,0.008791415715780904,7.72,0.44181654916471613
DIST,0.0343,3,51.8611,5.0,51.57922,4.77469407036445,0.5435291227620764,0.2253059296355504,2.957208632634566,51.60977203825902,4.830204277281574,0.48461749122363784,0.16979572271842613,2.958314859481217
DIST,0.0557,1,42.2989,12.5,43.664032,8.98,3.2273462960546784,3.5199999999999996,3.2779109086929994,43.73380391246377,8.98,3.392296046620036,3.5199999999999996,3.2712532839100965
DIST,0.0629,1,39.5919,8.1,39.90873,8.790000000000001,0.8002383144599223,0.6900000000000013,4.223428468645676,39.97307837271525,8.98,0.9627685782072737,0.8800000000000008,4.231033740622064
DIST,0.0714,1,35.8881,8.2,36.95055,9.36,2.9604522929486343,1.1600000000000001,3.8717236190696678,37.03900911896438,9.36,3.2069380072067943,1.1600000000000001,3.8826750338363962
DIST,0.0914,1,30.8016,6.0,31.726765,6.32,3.0036253926909007,0.3200000000000003,2.01691561834156,31.75098436063304,6.32,3.0822566380741323,0.3200000000000003,2.0257575275286444
DIST,0.1,1,29.2274,6.4,30.374407,8.600000000000001,3.92442302283198,2.200000000000001,3.0669522444070973,30.44864201533873,8.98,4.178414827657373,2.58,3.0687687527654535
DIST,0.1041,1,28.8085,6.6,29.436213,8.790000000000001,2.1789143470602568,2.1900000000000013,3.4145341247177026,29.461048301541645,8.98,2.265124187450396,2.380000000000001,3.4022628135361157
DIST,0.1082,1,28.3133,15.6,28.544151,9.74,0.815345813283308,5.859999999999999,3.3876307159042147,28.584538163568826,9.74,0.9579885197727789,5.859999999999999,3.376967383545725
DIST,0.149,1,27.7785,16.3,28.019096,15.82,0.8661244290070202,0.4800000000000004,4.750934001677049,28.05784898454758,15.63,1.0056301979861404,0.6699999999999999,4.754501009250925
DIST,0.1857,1,28.782,16.3,29.174644,15.82,1.3642014808381786,0.4800000000000004,1.4020254320960535,29.21394295947904,16.01,1.5007399050762427,0.28999999999999915,1.3904437255869122
DIST,0.2388,1,26.9518,16.5,27.129555,16.770000000000003,0.6595283006521235,0.2700000000000031,1.317019057903086,27.137661106162764,16.580000000000002,0.6896055408646795,0.08000000000000185,1.310510640470669
DIST,0.3003,1,27.3752,14.2,27.766972,16.200000000000003,1.431118633415518,2.0000000000000036,1.6423562615794634,27.786622890533877,15.82,1.5029036884986358,1.620000000000001,1.6291003945004938
DIST,0.3087,1,27.2404,14.8,27.615934,16.01,1.378593456587418,1.2100000000000009,1.489614341967893,27.648978782364317,16.01,1.4999000835682175,1.2100000000000009,1.4688091520391984
DIST,0.3172,1,27.1587,15.3,27.715153,15.82,2.048893137294927,0.5199999999999996,1.507452316619185,27.738370619804698,15.63,2.134382793744538,0.33000000000000007,1.503314560829324
DIST,0.4017,1,27.7783,12.8,28.319883,14.87,1.9496633939356078,2.0699999999999985,2.043193366642564,28.343241937395288,16.01,2.033752740071515,3.210000000000001,2.0231213061674502
DIST,0.4271,1,28.1264,13.4,28.692156,16.01,2.011476186119432,2.610000000000001,1.6469614675013586,28.69292678651309,15.63,2.0142171999014913,2.2300000000000004,1.6393870502033732
DIST,0.4863,1,29.3543,14.6,30.003313,15.82,2.21096420141238,1.2200000000000006,1.6768136303105035,30.010240290316386,16.200000000000003,2.234562876022883,1.6000000000000032,1.6898758353526067
DIST,0.5116,1,29.9875,15.0,30.673468,15.25,2.287511916993412,0.25,1.663064976215467,30.700834929231533,15.06,2.378774253377358,0.0600000000000005,1.6628060579796167
DIST,0.537,1,30.6552,15.3,31.318798,16.39,2.1647161499045664,1.0899999999999999,2.1859624502452513,31.34756458386844,16.39,2.258555102783344,1.0899999999999999,2.1906962629959312
DIST,0.7167,1,31.5804,13.2,32.59167,15.06,3.2022108332707466,1.8600000000000012,2.9317936739252244,32.633438987310925,14.87,3.3344700741945177,1.67,2.9324407541470334
DIST,0.7274,1,31.6522,13.4,32.73085,15.06,3.407820687745433,1.6600000000000001,2.966770394308877,32.760348652466305,14.87,3.501016208877439,1.4699999999999989,2.954486559671011
DIST,0.7593,1,31.9021,13.7,33.094162,14.87,3.736625448809594,1.17,2.6647648810948934,33.110483573133415,14.87,3.7877869266707,1.17,2.6653971612080687
DIST,0.7806,1,32.0927,14.0,33.30197,15.06,3.7680576440962454,1.0600000000000005,2.717718938955978,33.30900486873999,15.25,3.789973634938759,1.25,2.724233603153301
DIST,0.8018,1,32.3009,14.2,33.48952,15.06,3.679838724652651,0.8600000000000012,2.84998322210269,33.48962084548707,15.25,3.68014775280896,1.0500000000000007,2.854216576520115
DIST,0.8231,1,32.5243,14.4,33.740383,15.25,3.738998681580741,0.8499999999999996,2.949424257262965,33.74719197184534,15.25,3.7599332555822595,0.8499999999999996,2.9502940791177745
DIST,2.1204,1,50.6763,16.7,52.04606,15.82,2.7029571116777618,0.879999999999999,3.863476585725303,52.05554705380576,15.63,2.721680655071035,1.0699999999999985,3.873042314026455
DIST,2.5564,1,55.0525,16.4,56.118256,15.25,1.935889587637929,1.1499999999999986,1.9088484978271303,56.1419119708641,15.06,1.9788601259962846,1.339999999999998,1.9105748261001019
DIST,2.6096,1,55.5219,16.4,56.381115,15.82,1.5475244177825198,0.5799999999999983,1.5865523939790998,56.456321350388784,16.01,1.6829779787593369,0.389999999999997,1.5833838363155879
DIST,2.6202,1,55.6143,16.4,56.455677,15.82,1.5128789402558462,0.5799999999999983,1.536595282338898,56.531163555007225,16.01,1.6486111575749751,0.389999999999997,1.5345097295947554
DIST,3.7367,1,59.3921,18.6,60.78855,15.44,2.351240873056182,3.160000000000002,1.4412284738239827,60.773148721560794,15.44,2.3253071057611985,3.160000000000002,1.4422053799034438
DIST,4.949,1,61.4511,18.6,62.87738,16.01,2.321000553438024,2.59,1.8233631553339926,62.89000597636561,15.63,2.341546329301858,2.9700000000000006,1.8328463241863127
DIST,6.3633,1,62.9268,18.6,64.23866,16.01,2.084744051384413,2.59,1.4974641038758543,64.36472063282885,16.01,2.2850687351475774,2.59,1.5034475326965682
DIST,7.1714,1,63.5243,18.6,64.36554,15.82,1.3242799224568502,2.780000000000001,1.100367259920586,64.45755025747921,15.63,1.469123244930226,2.9700000000000006,1.054263591799188
DIST,8.7878,1,64.406,18.6,65.83829,16.200000000000003,2.2238414953818175,2.3999999999999986,1.4386675900046622,65.88029993118904,16.200000000000003,2.289072339827092,2.3999999999999986,1.4314611043040966
RL (médiane + SARL),0.0002,1,184.5403,5.0,192.10948,5.56,4.101641653082511,0.5599999999999996,3.181641115334439,192.42642087257084,5.56,4.273386828010373,0.5599999999999996,3.1741679317354596
RL (médiane + SARL),0.0003,1,183.7265,5.0,189.46477,4.609999999999999,3.123266080861886,0.39000000000000057,2.244160380096873,189.8507334260363,5.75,3.333342455245325,0.75,2.2386238227929245
RL (médiane + SARL),0.0009,2,178.4027,5.0,180.36166,4.601478269634505,1.0980572706351222,0.3985217303654949,1.648204651465209,180.5319150768562,4.772977234855196,1.1934881461189706,0.22702276514480424,1.640685524047373
RL (médiane + SARL),0.0014,2,174.3287,5.0,176.44032,5.109355032685561,1.2112881447383872,0.1093550326855608,1.086639784740793,176.58986518632247,5.109355032685561,1.2970699525221452,0.1093550326855608,1.0737627449345084
RL (médiane + SARL),0.0015,2,173.691,5.0,175.58469,5.0865073811162835,1.0902616020961764,0.08650738111628353,0.936303428012568,175.68223495166555,4.954684562370597,1.1464237937863997,0.04531543762940338,0.9247875769487733
RL (médiane + SARL),0.0034,1,162.6449,4.9,164.17188,4.609999999999999,0.9388397668786297,0.2900000000000009,1.0501412047942102,164.39841704828007,4.800000000000001,1.078126057613904,0.09999999999999964,1.0871500595220676
RL (médiane + SARL),0.0037,1,160.9842,4.8,162.83824,5.18,1.1516916425018398,0.3799999999999999,0.8110622905421391,162.74614789962774,4.800000000000001,1.094484986494182,8.881784197001252e-16,0.8478604730870645
RL (médiane + SARL),0.0052,2,155.1319,4.7,156.11694,4.71,0.6349715044907001,0.009999999999999787,0.7128859596667478,156.1955974533137,4.640000000000001,0.685672935942705,0.05999999999999961,0.7298531653111875
RL (médiane + SARL),0.0055,2,154.2701,4.7,155.42921,4.383781806158927,0.7513539419103488,0.3162181938410731,0.5049862305188317,155.51971110258145,4.383781806158927,0.8100150985715482,0.3162181938410731,0.5109290048379402
RL (médiane + SARL),0.0066,2,151.097,4.5,151.09901,9.62568180600643,0.0013331053737353216,5.12568180600643,0.7656399182748128,151.09777458337433,9.99619317007763,0.0005126398104016161,5.49619317007763,0.7611369484218785
RL (médiane + SARL),0.0071,1,145.1238,9.6,147.39731,9.93,1.566599241206057,0.33000000000000007,1.2876308156552252,147.66107065767198,9.93,1.7483491044694155,0.33000000000000007,1.3540082712667543
RL (médiane + SARL),0.0097,3,121.2745,9.5,120.53644,9.422,0.6085879650864379,0.0779999999999994,1.0199703862620602,120.90947266493967,9.422,0.30099265308067835,0.0779999999999994,1.0212032759932468
RL (médiane + SARL),0.0103,3,116.9699,9.5,116.61469,9.455030439235827,0.30367411788136955,0.04496956076417291,0.5470471529869506,116.74396592350747,9.57764636436099,0.19315574048752726,0.07764636436099082,0.5471206949924393
RL (médiane + SARL),0.0119,2,106.7607,9.6,106.02608,9.708907232670546,0.6881022037998896,0.10890723267054625,1.2193580563699329,106.2254370735783,9.708907232670546,0.5013670071680854,0.10890723267054625,1.2120286304390189
RL (médiane + SARL),0.0124,2,103.5658,9.6,105.30345,10.004,1.6778237005709906,0.4039999999999999,2.300613588684735,105.44220362712004,10.123,1.8117985156490324,0.5229999999999997,2.2954648999092617
RL (médiane + SARL),0.0127,1,101.88,9.7,102.37156,9.93,0.48248836186337574,0.23000000000000043,2.0507977023975164,102.5279213108784,9.74,0.6359651657620757,0.040000000000000924,2.079823204140471
RL (médiane + SARL),0.0156,5,87.7727,10.2,87.513115,10.238832451078201,0.2957469358932596,0.03883245107820166,0.2997782379354783,87.56113305884148,10.238832451078201,0.24103957284955513,0.03883245107820166,0.2979799799659684
RL (médiane + SARL),0.0174,5,81.1148,10.7,79.824875,10.664,1.5902463201170614,0.03599999999999959,1.5001878596730596,79.87949694409012,10.727,1.5229071093189939,0.027000000000001023,1.5052946313111766
RL (médiane + SARL),0.0186,5,77.2257,11.0,76.68012,10.77420972987445,0.706471582014434,0.2257902701255503,0.45368021844850437,76.87171570236693,10.837209729874449,0.45837628876537195,0.16279027012555147,0.4618481279234997
RL (médiane + SARL),0.019,5,75.7865,11.1,75.94848,10.86,0.21373028010327477,0.2400000000000002,0.6318635149116976,75.99685266925432,10.86,0.27755955117905184,0.2400000000000002,0.6510685769418321
RL (médiane + SARL),0.0195,2,74.5646,11.2,74.5555,11.327,0.012209257717044064,0.12700000000000067,0.9596547993558096,74.44261439551592,11.327,0.16359720897595187,0.12700000000000067,1.0085693220741165
RL (médiane + SARL),0.0203,2,72.1216,11.5,70.71816,11.50321429351504,1.9459322358057918,0.0032142935150396568,0.5049324860643263,71.02412220990986,11.50321429351504,1.521704718267669,0.0032142935150396568,0.5296108289428854
RL (médiane + SARL),0.0218,3,68.5635,12.1,68.66124,12.038439249830711,0.14255343444169455,0.061560750169288525,0.33400058955279605,68.74957495004327,12.038439249830711,0.27139068169399483,0.061560750169288525,0.330650257165538
RL (médiane + SARL),0.0239,3,64.7112,13.1,64.88987,13.161129736781314,0.27610319379243187,0.06112973678131439,0.17536273600708294,64.90339994050458,13.085142289412218,0.2970118627140028,0.014857710587781625,0.1697240400145823
RL (médiane + SARL),0.0256,3,62.2736,14.2,62.22016,14.23764162754926,0.08581254658751591,0.03764162754926126,0.25227914465020945,62.26259170883243,14.23764162754926,0.017677300120066963,0.03764162754926126,0.2516479440492956
RL (médiane + SARL),0.0262,3,61.5743,14.6,61.636497,14.522862325479405,0.10101210660713456,0.0771376745205945,0.2821936032046495,61.646571009653435,14.583719410751856,0.11737203614727854,0.016280589248143684,0.27917581172776434
RL (médiane + SARL),0.0269,3,60.8537,15.0,60.77628,14.983864866240456,0.1272240644974998,0.016135133759544118,0.3307581313372022,60.81908110036361,14.983864866240456,0.05688873418772111,0.016135133759544118,0.3301615190724247
RL (médiane + SARL),0.0291,3,57.932,12.5,57.79337,12.509037779222831,0.23929901744650373,0.009037779222831333,0.3936959134965572,57.80825653253154,12.415372257381097,0.2136012350142713,0.0846277426189026,0.3894127425268165
RL (médiane + SARL),0.0309,2,56.1506,13.1,56.000782,13.336,0.2668145791149934,0.23600000000000065,0.5469796535843414,56.009121933184645,13.064,0.251961807737322,0.03599999999999959,0.5591961541984855
RL (médiane + SARL),0.0311,2,55.8932,4.8,55.907276,13.2,0.02518401802804604,8.399999999999999,0.4756856964580965,55.944429898705785,13.2,0.09165676451836635,8.399999999999999,0.4724143392100363
RL (médiane + SARL),0.0343,3,51.8611,5.0,51.566734,4.830204277281574,0.5676040154087736,0.16979572271842613,2.655408752548306,51.56687779817377,4.885714484198698,0.5673273452090899,0.11428551580130186,2.646291702926458
RL (médiane + SARL),0.0557,1,42.2989,12.5,43.85654,10.31,3.682461435005724,2.1899999999999995,2.5979015561028396,43.938245977311,10.12,3.8756231895179294,2.380000000000001,2.5930910528659488
RL (médiane + SARL),0.0629,1,39.5919,8.1,40.145626,9.17,1.3985842258523284,1.0700000000000003,4.1485165736622305,40.27805703068828,9.17,1.7330742669290355,1.0700000000000003,4.1593555582636
RL (médiane + SARL),0.0714,1,35.8881,8.2,36.983887,9.36,3.0533428037427424,1.1600000000000001,3.1578693021908744,36.9907340378925,9.17,3.072422440565248,0.9700000000000006,3.167211248418362
RL (médiane + SARL),0.0914,1,30.8016,6.0,31.545128,5.94,2.413926122838883,0.05999999999999961,1.7264496489466392,31.537883882374537,6.130000000000001,2.3904079085973917,0.13000000000000078,1.7284499556694004
RL (médiane + SARL),0.1,1,29.2274,6.4,30.142094,5.56,3.129575872117485,0.8400000000000007,2.7853410776893,30.2244834766536,5.94,3.411468268315354,0.45999999999999996,2.784173722420666
RL (médiane + SARL),0.1041,1,28.8085,6.6,29.287561,9.17,1.6629169051702641,2.5700000000000003,4.080755678388772,29.335252524610546,9.17,1.828462171270795,2.5700000000000003,4.065397507230147
RL (médiane + SARL),0.1082,1,28.3133,15.6,28.690395,11.64,1.3318664910999756,3.959999999999999,3.2726062982190633,28.767028641100236,11.830000000000002,1.6025282856475087,3.769999999999998,3.2722604762503575
RL (médiane + SARL),0.149,1,27.7785,16.3,28.261879,15.82,1.740119039131538,0.4800000000000004,4.40920874655195,28.280735993867452,15.82,1.8080025698560043,0.4800000000000004,4.417142907911313
RL (médiane + SARL),0.1857,1,28.782,16.3,29.272854,16.200000000000003,1.7054195376219772,0.09999999999999787,1.5677553534220048,29.313761301463394,16.39,1.8475481254374149,0.08999999999999986,1.5597310768542745
RL (médiane + SARL),0.2388,1,26.9518,16.5,27.074556,15.82,0.4554662423586153,0.6799999999999997,1.2559279397524712,27.117395290174727,15.82,0.6144127300392821,0.6799999999999997,1.2465715189707853
RL (médiane + SARL),0.3003,1,27.3752,14.2,27.693703,15.06,1.1634716741938167,0.8600000000000012,1.1602210494948302,27.81084061354722,15.25,1.5913696102575425,1.0500000000000007,1.1419723220156097
RL (médiane + SARL),0.3087,1,27.2404,14.8,27.667685,16.01,1.5685693126889166,1.2100000000000009,1.1557621287961921,27.713649840993707,16.01,1.7373087068975002,1.2100000000000009,1.1385516987162578
RL (médiane + SARL),0.3172,1,27.1587,15.3,27.551437,16.580000000000002,1.446083125958486,1.2800000000000011,1.1009584286812053,27.59519452564029,16.770000000000003,1.6071996289965806,1.4700000000000024,1.0958335300939221
RL (médiane + SARL),0.4017,1,27.7783,12.8,28.456669,15.25,2.4420819623942602,2.4499999999999993,1.8760278610824017,28.49747319407304,14.110000000000001,2.5889748259362078,1.3100000000000005,1.861720280932751
RL (médiane + SARL),0.4271,1,28.1264,13.4,28.879648,14.3,2.678082543866833,0.9000000000000004,1.7388444085923518,28.93685160244184,14.110000000000001,2.881462264782697,0.7100000000000009,1.73831405272355
RL (médiane + SARL),0.4863,1,29.3543,14.6,30.067762,15.44,2.430520826175142,0.8399999999999999,1.418039076897371,30.14892001967795,14.3,2.7069969976390107,0.29999999999999893,1.4056362494584025
RL (médiane + SARL),0.5116,1,29.9875,15.0,30.717548,15.25,2.4345089465988456,0.25,1.4807953186033371,30.733364472492852,15.63,2.4872512630024213,0.6300000000000008,1.4699474242701518
RL (médiane + SARL),0.537,1,30.6552,15.3,31.422297,16.01,2.502337365431795,0.7100000000000009,2.068303334342533,31.43270290949046,16.200000000000003,2.5362839240665735,0.9000000000000021,2.0729114695414426
RL (médiane + SARL),0.7167,1,31.5804,13.2,32.526443,14.3,2.995666557248522,1.1000000000000014,2.02116800413787,32.62732125993644,14.3,3.3150981619499253,1.1000000000000014,2.001054844047179
RL (médiane + SARL),0.7274,1,31.6522,13.4,32.72534,14.489999999999998,3.3904177178047723,1.089999999999998,2.02042581735806,32.78655623456598,14.489999999999998,3.583814820347331,1.089999999999998,1.9906467311703455
RL (médiane + SARL),0.7593,1,31.9021,13.7,33.09521,14.3,3.739913764462943,0.6000000000000014,1.9637784900343709,33.121478818544,14.489999999999998,3.8222525117280526,0.7899999999999991,1.9462956754251848
RL (médiane + SARL),0.7806,1,32.0927,14.0,33.265392,14.68,3.6540780410087015,0.6799999999999997,1.9901310855739631,33.28941057028929,14.489999999999998,3.7289183218903066,0.48999999999999844,1.9788512269361287
RL (médiane + SARL),0.8018,1,32.3009,14.2,33.481514,14.87,3.655049788243625,0.6699999999999999,1.9896226918881328,33.48847038300735,14.489999999999998,3.67658604870873,0.28999999999999915,1.9911711049065657
RL (médiane + SARL),0.8231,1,32.5243,14.4,33.737926,14.68,3.731445359790375,0.27999999999999936,2.080028575033908,33.791653257329415,14.87,3.896635000075066,0.46999999999999886,2.0869953979193987
RL (médiane + SARL),2.1204,1,50.6763,16.7,51.73991,14.489999999999998,2.0988314571750877,2.210000000000001,3.0383930962329284,51.87284332356871,14.68,2.3611497358108524,2.0199999999999996,3.044933745685321
RL (médiane + SARL),2.5564,1,55.0525,16.4,55.88897,14.68,1.519403154056076,1.7199999999999989,1.4340943828454937,55.940977393339516,16.200000000000003,1.6138729273684538,0.19999999999999574,1.4288473818041945
RL (médiane + SARL),2.6096,1,55.5219,16.4,56.240776,16.39,1.294761278003298,0.00999999999999801,1.286399614834857,56.29270978509394,16.200000000000003,1.3882986444879286,0.19999999999999574,1.2800070816563913
RL (médiane + SARL),2.6202,1,55.6143,16.4,56.298687,16.39,1.2305953346552378,0.00999999999999801,1.267606756046762,56.3747626297286,16.200000000000003,1.367386858647146,0.19999999999999574,1.2606394326313315
RL (médiane + SARL),3.7367,1,59.3921,18.6,60.57913,16.39,1.9986298941792935,2.210000000000001,0.973699001179548,60.63581011576484,16.200000000000003,2.0940665774822564,2.3999999999999986,0.9305131208404365
RL (médiane + SARL),4.949,1,61.4511,18.6,62.993233,16.01,2.5095282705285715,2.59,1.1402565386202468,62.98127979948233,16.200000000000003,2.490077149932768,2.3999999999999986,1.1405075890319119
RL (médiane + SARL),6.3633,1,62.9268,18.6,64.18731,14.3,2.0031358103967056,4.300000000000001,1.2894522341714092,64.31606867235728,14.3,2.207753568205084,4.300000000000001,1.2886383792549252
RL (médiane + SARL),7.1714,1,63.5243,18.6,64.73613,14.489999999999998,1.9076633048175085,4.110000000000003,0.980003156837608,64.83373190388424,14.489999999999998,2.061308670672868,4.110000000000003,0.9718795106539181
RL (médiane + SARL),8.7878,1,64.406,18.6,65.864265,14.489999999999998,2.2641763840240525,4.110000000000003,1.3160453307274511,66.03243582860341,16.200000000000003,2.525286197875043,2.3999999999999986,1.3092499903055865
