E,log10E,Ta_c_data,k_c_data,Ta_c_dist,k_c_dist,Ta_c_cnp,k_c_cnp,err_Ta_dist,err_Ta_cnp,err_k_dist,err_k_cnp
0.0001,-4.0,185.3679,5.0,191.4383544921875,6.015999794006348,193.3630828857422,5.939999580383301,6.070454492187508,7.995182885742196,1.0159997940063477,0.9399995803833008
0.0002,-3.6989700043360187,184.5403,5.0,189.1060791015625,5.179999828338623,188.2438201904297,5.179999828338623,4.565779101562498,3.7035201904296855,0.17999982833862305,0.17999982833862305
0.0003,-3.5228787452803374,183.7265,5.0,190.5132598876953,5.331999778747559,188.4723663330078,5.179999828338623,6.786759887695325,4.745866333007825,0.3319997787475586,0.17999982833862305
0.0004,-3.3979400086720375,182.9263,5.0,187.56541442871094,5.179999828338623,187.96974182128906,5.179999828338623,4.63911442871094,5.043441821289065,0.17999982833862305,0.17999982833862305
0.0005,-3.3010299956639813,181.3664,5.0,185.02163696289062,5.559999942779541,185.694091796875,5.179999828338623,3.6552369628906263,4.327691796875001,0.559999942779541,0.17999982833862305
0.0006,-3.2218487496163566,180.6062,5.0,185.1546173095703,5.179999828338623,184.01251220703125,5.179999828338623,4.548417309570311,3.406312207031249,0.17999982833862305,0.17999982833862305
0.0007,-3.154901959985743,179.8589,5.0,184.7209930419922,5.25600004196167,183.71580505371094,5.179999828338623,4.862093041992182,3.856905053710932,0.2560000419616699,0.17999982833862305
0.0008,-3.0969100130080562,179.1245,5.0,183.5822296142578,5.416399955749512,183.17471313476562,5.488800048828125,4.457729614257801,4.050213134765613,0.4163999557495117,0.488800048828125
0.0009,-3.0457574905606752,178.4027,5.0,183.08108520507812,5.240799903869629,182.04434204101562,4.898799896240234,4.678385205078115,3.641642041015615,0.2407999038696289,-0.10120010375976562
0.001,-3.0,177.6934,5.0,182.62501525878906,5.433599948883057,181.69264221191406,5.237999439239502,4.931615258789066,3.9992422119140656,0.43359994888305664,0.23799943923950195
0.0011,-2.958607314841775,176.9964,5.0,181.0969696044922,5.216000080108643,180.74232482910156,5.029999732971191,4.100569604492193,3.7459248291015683,0.21600008010864258,0.029999732971191406
0.0012,-2.9208187539523753,176.3116,5.0,180.90884399414062,5.052800178527832,183.11947631835938,5.470000267028809,4.5972439941406265,6.8078763183593765,0.05280017852783203,0.4700002670288086
0.0013,-2.886056647693163,174.9779,5.0,180.01072692871094,5.140000343322754,178.6736297607422,4.86400032043457,5.032826928710932,3.695729760742182,0.1400003433227539,-0.1359996795654297
0.0014,-2.853871964321762,174.3287,5.0,178.99461364746094,4.936800003051758,177.48483276367188,4.990000247955322,4.66591364746094,3.1561327636718772,-0.06319999694824219,-0.009999752044677734
0.0015,-2.8239087409443187,173.691,5.0,178.5684814453125,4.900000095367432,177.2428436279297,5.159999847412109,4.8774814453124975,3.551843627929685,-0.09999990463256836,0.15999984741210938
0.0016,-2.795880017344075,173.0649,5.0,177.7422332763672,4.860799789428711,176.89266967773438,5.063999652862549,4.677333276367193,3.8277696777343806,-0.13920021057128906,0.06399965286254883
0.0017,-2.769551078621726,172.45,5.0,176.9990997314453,5.1479997634887695,176.5175018310547,5.00160026550293,4.549099731445324,4.067501831054699,0.14799976348876953,0.0016002655029296875
0.0018,-2.744727494896694,171.8462,5.0,176.23655700683594,4.99839973449707,175.1472625732422,4.903200149536133,4.390357006835927,3.3010625732421772,-0.0016002655029296875,-0.09679985046386719
0.0019,-2.721246399047171,171.2535,5.0,176.05348205566406,4.990400314331055,174.30360412597656,5.222400188446045,4.79998205566406,3.05010412597656,-0.009599685668945312,0.22240018844604492
0.002,-2.6989700043360187,170.1005,5.0,174.83840942382812,4.784000396728516,173.01673889160156,5.223999977111816,4.737909423828114,2.9162388916015516,-0.21599960327148438,0.2239999771118164
0.0021,-2.677780705266081,169.5361,4.9,174.48365783691406,4.628799915313721,172.4534912109375,5.190400123596191,4.947557836914058,2.9173912109374953,-0.27120008468627965,0.29040012359619105
0.0022,-2.657577319177794,168.981,4.9,173.86619567871094,4.543200492858887,171.81228637695312,5.325999736785889,4.885195678710943,2.8312863769531305,-0.35679950714111364,0.4259997367858883
0.0023,-2.638272163982407,168.436,4.9,172.93182373046875,4.555200099945068,171.1888427734375,5.242000102996826,4.495823730468743,2.752842773437493,-0.344799900054932,0.3420001029968258
0.0024,-2.619788758288394,167.9012,4.9,171.8204345703125,4.99839973449707,170.4022979736328,4.957600116729736,3.9192345703125113,2.501097973632824,0.09839973449706996,0.05760011672973597
0.0025,-2.6020599913279625,167.3762,4.9,171.3758087158203,4.757200241088867,170.06222534179688,4.918800354003906,3.999608715820301,2.6860253417968636,-0.14279975891113317,0.018800354003905895
0.0026,-2.5850266520291822,166.8611,4.9,171.89344787597656,4.484799861907959,169.5186309814453,4.84119987487793,5.032347875976569,2.657530981445319,-0.41520013809204137,-0.05880012512207067
0.0027,-2.5686362358410126,166.3556,4.9,171.03480529785156,4.414400100708008,168.88111877441406,5.035200119018555,4.679205297851553,2.525518774414053,-0.48559989929199254,0.13520011901855433
0.0028,-2.5528419686577806,165.3732,4.9,169.4951171875,4.797599792480469,167.8232879638672,5.13599967956543,4.121917187500003,2.4500879638671904,-0.1024002075195316,0.23599967956542933
0.0029,-2.537602002101044,164.896,4.9,168.74212646484375,4.868800163269043,167.36541748046875,5.0920000076293945,3.8461264648437634,2.4694174804687634,-0.031199836730957387,0.19200000762939418
0.003,-2.5228787452803374,164.4279,4.9,168.6105194091797,4.937600135803223,166.91949462890625,5.011199951171875,4.1826194091796935,2.491594628906256,0.0376001358032223,0.11119995117187464
0.0031,-2.5086383061657274,163.9689,4.9,168.17726135253906,4.888000011444092,166.38522338867188,4.960000038146973,4.208361352539072,2.4163233886718842,-0.011999988555908558,0.0600000381469723
0.0032,-2.494850021680094,163.5188,4.9,168.11524963378906,4.809199810028076,166.17726135253906,5.022799968719482,4.596449633789064,2.6584613525390637,-0.09080018997192418,0.12279996871948207
0.0033,-2.4814860601221125,163.0775,4.9,167.66180419921875,4.875999927520752,166.84716796875,4.800000190734863,4.584304199218764,3.7696679687500136,-0.024000072479248402,-0.09999980926513707
0.0034,-2.468521082957745,162.6449,4.9,166.64366149902344,4.875999927520752,166.21336364746094,5.179999828338623,3.9987614990234306,3.5684636474609306,-0.024000072479248402,0.2799998283386227
0.0035,-2.4559319556497243,162.2208,4.9,165.85035705566406,4.875999927520752,165.39492797851562,5.179999828338623,3.6295570556640655,3.174127978515628,-0.024000072479248402,0.2799998283386227
0.0036,-2.4436974992327127,161.3909,4.8,165.09109497070312,4.875999927520752,164.12745666503906,4.800000190734863,3.700194970703137,2.7365566650390747,0.07599992752075213,1.9073486345888568e-07
0.0037,-2.431798275933005,160.9842,4.8,164.7229766845703,4.875999927520752,163.7042999267578,4.800000190734863,3.7387766845703254,2.7200999267578254,0.07599992752075213,1.9073486345888568e-07
0.0038,-2.42021640338319,160.5855,4.8,164.23880004882812,4.875999927520752,163.50123596191406,4.800000190734863,3.653300048828129,2.9157359619140664,0.07599992752075213,1.9073486345888568e-07
0.0039,-2.408935392973501,160.1946,4.8,163.89231872558594,4.875999927520752,164.0056610107422,5.179999828338623,3.697718725585929,3.811061010742179,0.07599992752075213,0.3799998283386232
0.004,-2.3979400086720375,159.8115,4.8,163.47471618652344,4.935999870300293,162.6006622314453,4.616000175476074,3.6632161865234423,2.7891622314453173,0.13599987030029315,-0.1839998245239256
0.0041,-2.3872161432802645,159.4359,4.8,163.16383361816406,4.723999977111816,162.44024658203125,4.800000190734863,3.7279336181640588,3.0043465820312463,-0.07600002288818342,1.9073486345888568e-07
0.0042,-2.3767507096020997,159.0679,4.8,162.92733764648438,4.723999977111816,161.9581298828125,4.800000190734863,3.8594376464843663,2.8902298828124913,-0.07600002288818342,1.9073486345888568e-07
0.0043,-2.3665315444204134,158.7072,4.8,162.84239196777344,4.723999977111816,161.40252685546875,4.800000190734863,4.135191967773437,2.6953268554687497,-0.07600002288818342,1.9073486345888568e-07
0.0044,-2.3565473235138126,158.0075,4.8,162.34088134765625,4.723999977111816,160.87156677246094,4.6479997634887695,4.333381347656257,2.8640667724609443,-0.07600002288818342,-0.1520002365112303
0.0045,-2.3467874862246565,157.6682,4.8,160.756591796875,4.769599914550781,159.69544982910156,4.739200115203857,3.088391796874987,2.0272498291015495,-0.030400085449218572,-0.0607998847961424
0.0046,-2.337242168318426,157.3358,4.8,159.92327880859375,4.729599952697754,159.24227905273438,4.759200096130371,2.587478808593744,1.906479052734369,-0.07040004730224592,-0.04079990386962873
0.0047,-2.3279021420642825,157.0102,4.7,161.25270080566406,4.6479997634887695,161.81134033203125,4.800000190734863,4.242500805664065,4.8011403320312525,-0.052000236511230646,0.1000001907348631
0.0048,-2.318758762624413,156.6818,4.7,159.2193145751953,4.936800003051758,158.6057891845703,4.640800476074219,2.5375145751953028,1.9239891845703028,0.23680000305175763,-0.05919952392578143
0.0049,-2.309803919971486,156.3597,4.7,161.4055938720703,4.6479997634887695,160.03993225097656,4.420000076293945,5.045893872070309,3.680232250976559,-0.052000236511230646,-0.27999992370605487
0.005,-2.3010299956639813,156.0439,4.7,158.44863891601562,4.912800312042236,157.9380340576172,4.533200263977051,2.404738916015617,1.8941340576171797,0.21280031204223615,-0.1667997360229494
0.0051,-2.2924298239020637,155.734,4.7,161.15011596679688,4.723999977111816,159.587890625,4.420000076293945,5.416115966796866,3.853890624999991,0.02399997711181623,-0.27999992370605487
0.0052,-2.283996656365201,155.1319,4.7,157.40965270996094,4.751999855041504,156.8598175048828,4.61199951171875,2.277752709960936,1.7279175048828108,0.05199985504150373,-0.08800048828125018
0.0053,-2.275724130399211,154.8393,4.7,157.19029235839844,4.751999855041504,156.53038024902344,4.556000232696533,2.350992358398429,1.691080249023429,0.05199985504150373,-0.14399976730346697
0.0054,-2.2676062401770314,154.5521,4.7,157.04408264160156,4.748800277709961,156.2635498046875,4.606800079345703,2.4919826416015667,1.7114498046875042,0.04880027770996076,-0.09319992065429705
0.0055,-2.2596373105057563,154.2701,4.7,156.70913696289062,4.67080020904541,155.97132873535156,4.505200386047363,2.4390369628906114,1.701228735351549,-0.02919979095459002,-0.1947996139526369
0.0056,-2.2518119729937998,153.9932,4.7,156.34771728515625,4.723999977111816,155.66323852539062,4.61199951171875,2.3545172851562484,1.6700385253906234,0.02399997711181623,-0.08800048828125018
0.0057,-2.2441251443275085,153.7208,4.6,155.8341064453125,4.617600440979004,155.34420776367188,4.671999931335449,2.113306445312503,1.623407763671878,0.01760044097900426,0.07199993133544957
0.0058,-2.2365720064370627,153.4421,4.6,155.40309143066406,4.644800186157227,155.05767822265625,4.671999931335449,1.960991430664052,1.6155782226562394,0.04480018615722692,0.07199993133544957
0.0059,-2.2291479883578558,152.8975,4.6,154.72604370117188,4.59119987487793,154.4398193359375,4.618000030517578,1.828543701171867,1.542319335937492,-0.008800125122069957,0.01800003051757848
0.006,-2.221848749616356,152.6311,4.6,154.39031982421875,4.671999931335449,154.11573791503906,4.5360002517700195,1.7592198242187465,1.484637915039059,0.07199993133544957,-0.06399974822998011
0.0061,-2.214670164989233,152.3685,4.6,154.14910888671875,4.618000030517578,153.8862762451172,4.483999729156494,1.7806088867187384,1.517776245117176,0.01800003051757848,-0.1160002708435055
0.0062,-2.207608310501746,152.1093,4.6,154.04542541503906,4.59119987487793,153.64181518554688,4.457200050354004,1.936125415039072,1.5325151855468846,-0.008800125122069957,-0.14279994964599574
0.0063,-2.2006594505464183,151.8534,4.6,153.84934997558594,4.537600040435791,153.41995239257812,4.405599594116211,1.995949975585944,1.5665523925781315,-0.06239995956420863,-0.1944004058837887
0.0064,-2.193820026016113,151.6005,4.6,153.6133575439453,4.511199951171875,153.1483917236328,4.405599594116211,2.0128575439453016,1.5478917236328016,-0.08880004882812464,-0.1944004058837887
0.0065,-2.1870866433571443,151.3505,4.6,153.361572265625,4.564399719238281,152.84329223632812,4.457200050354004,2.011072265624989,1.492792236328114,-0.035600280761718395,-0.14279994964599574
0.0066,-2.1804560644581312,151.097,4.5,152.36892700195312,9.831999778747559,152.05294799804688,9.583999633789062,1.2719270019531166,0.9559479980468666,5.331999778747559,5.0839996337890625
0.0067,-2.1739251972991736,149.3567,9.7,150.2006378173828,9.831999778747559,149.84466552734375,9.583999633789062,0.8439378173828231,0.48796552734376064,0.1319997787475593,-0.11600036621093679
0.0068,-2.167491087293764,148.2751,9.7,149.2210235595703,9.75,148.79696655273438,9.75,0.9459235595703035,0.521866552734366,0.05000000000000071,0.05000000000000071
0.0069,-2.161150909262745,147.2074,9.6,151.48362731933594,9.663999557495117,150.23001098632812,9.739999771118164,4.276227319335931,3.022610986328118,0.06399955749511754,0.13999977111816442
0.007,-2.154901959985743,146.1565,9.6,149.4251708984375,10.196000099182129,148.7455291748047,10.196000099182129,3.268670898437506,2.5890291748046934,0.5960000991821293,0.5960000991821293
0.0071,-2.1487416512809245,145.1238,9.6,148.46043395996094,10.119999885559082,147.6212921142578,9.359999656677246,3.336633959960949,2.497492114257824,0.5199998855590824,-0.24000034332275355
0.0074,-2.1307682802690238,141.8222,9.6,145.38418579101562,10.196000099182129,144.47486877441406,9.359999656677246,3.5619857910156156,2.652668774414053,0.5960000991821293,-0.24000034332275355
0.0076,-2.1191864077192086,139.7771,9.6,143.20675659179688,10.196000099182129,142.8150634765625,10.196000099182129,3.429656591796885,3.03796347656251,0.5960000991821293,0.5960000991821293
0.0077,-2.113509274827518,138.7142,9.6,142.2115478515625,10.196000099182129,141.94053649902344,10.272000312805176,3.4973478515624947,3.2263364990234322,0.5960000991821293,0.6720003128051761
0.008,-2.0969100130080562,135.7992,9.6,140.1223602294922,9.895999908447266,139.6126708984375,9.831999778747559,4.323160229492174,3.8134708984374868,0.295999908447266,0.23199977874755895
0.0081,-2.0915149811213505,134.4992,9.6,139.222900390625,9.887200355529785,138.00201416015625,9.887200355529785,4.723700390624998,3.502814160156248,0.2872003555297855,0.2872003555297855
0.0083,-2.0809219076239263,133.0721,9.6,140.18728637695312,10.088000297546387,137.57223510742188,9.128000259399414,7.115186376953119,4.500135107421869,0.4880002975463871,-0.4719997406005856
0.0086,-2.065501548756432,130.5149,9.6,131.24908447265625,9.456399917602539,130.99725341796875,9.650400161743164,0.7341844726562385,0.48235341796873854,-0.14360008239746058,0.05040016174316442
0.0087,-2.0604807473813813,129.8109,9.6,130.613525390625,9.435199737548828,130.26455688476562,9.51200008392334,0.8026253906249963,0.45365688476562127,-0.16480026245117152,-0.0879999160766598
0.0089,-2.050609993355087,128.0901,9.5,129.17410278320312,9.6343994140625,128.5645751953125,9.47599983215332,1.0840027832031183,0.47447519531249327,0.1343994140625,-0.024000167846679688
0.0092,-2.036212172654445,125.7582,9.5,127.13566589355469,9.95680046081543,126.80945587158203,9.811200141906738,1.3774658935546853,1.051255871582029,0.4568004608154297,0.3112001419067383
0.0095,-2.0222763947111524,123.492,9.5,125.94120025634766,9.913999557495117,124.61835479736328,9.569600105285645,2.449200256347652,1.1263547973632768,0.4139995574951172,0.06960010528564453
0.0097,-2.0132282657337552,121.2745,9.5,122.351806640625,9.864799499511719,121.8520736694336,9.569600105285645,1.0773066406249967,0.5775736694335905,0.36479949951171875,0.06960010528564453
0.01,-2.0,119.1002,9.5,119.9346694946289,9.81559944152832,119.570068359375,9.569600105285645,0.8344694946289053,0.46986835937499905,0.3155994415283203,0.06960010528564453
0.0103,-1.9871627752948278,116.9699,9.5,117.74580383300781,9.37279987335205,117.43949127197266,9.569600105285645,0.775903833007817,0.4695912719726607,-0.12720012664794922,0.06960010528564453
0.0106,-1.9746941347352298,114.8872,9.5,115.75562286376953,9.508000373840332,115.40815734863281,9.654399871826172,0.8684228637695242,0.5209573486328054,0.008000373840332031,0.15439987182617188
0.0108,-1.9665762445130504,113.7522,9.5,115.05554962158203,9.996000289916992,114.35399627685547,9.654399871826172,1.3033496215820293,0.6017962768554668,0.4960002899169922,0.15439987182617188
0.0109,-1.9625735020593764,112.8562,9.5,114.1953353881836,9.947199821472168,113.45921325683594,9.654399871826172,1.3391353881835926,0.6030132568359363,0.44719982147216797,0.15439987182617188
0.0112,-1.9507819773298183,110.8813,9.5,111.97539520263672,9.545599937438965,111.39234924316406,9.593999862670898,1.0940952026367228,0.5110492431640665,0.045599937438964844,0.09399986267089844
0.0113,-1.9469215565165803,110.1599,9.5,111.20222473144531,9.497200012207031,110.64118957519531,9.593999862670898,1.0423247314453192,0.48128957519531923,-0.00279998779296875,0.09399986267089844
0.0115,-1.9393021596463884,108.9665,9.5,109.98310852050781,9.448800086975098,109.40187072753906,9.593999862670898,1.0166085205078161,0.43537072753906614,-0.051199913024902344,0.09399986267089844
0.0118,-1.9281179926938745,107.1094,9.6,107.79364776611328,9.631999969482422,107.53350067138672,9.680000305175781,0.6842477661132875,0.424100671386725,0.03199996948242223,0.0800003051757816
0.0119,-1.9244530386074692,106.7607,9.6,107.39035034179688,9.631999969482422,107.20368194580078,9.680000305175781,0.6296503417968751,0.4429819458007813,0.03199996948242223,0.0800003051757816
0.0121,-1.91721462968355,105.3043,9.6,105.85545349121094,9.718400001525879,105.80917358398438,9.766000747680664,0.5511534912109397,0.5048735839843772,0.11840000152587926,0.16600074768066442
0.0124,-1.9065783148377649,103.5658,9.6,108.0269546508789,9.892000198364258,106.8516845703125,9.588000297546387,4.46115465087891,3.285884570312504,0.29200019836425817,-0.011999702453612926
0.0127,-1.8961962790440432,101.88,9.7,105.33230590820312,9.892000198364258,104.44685363769531,10.196000099182129,3.4523059082031295,2.566853637695317,0.19200019836425852,0.4960000991821296
0.0129,-1.889410289700751,100.71,9.7,104.12700653076172,9.892000198364258,103.29137420654297,10.119999885559082,3.417006530761725,2.581374206542975,0.19200019836425852,0.41999988555908274
0.013,-1.8860566476931633,100.2518,9.7,103.70523834228516,9.815999984741211,102.83917236328125,10.119999885559082,3.4534383422851533,2.587372363281247,0.11599998474121165,0.41999988555908274
0.0133,-1.8761483590329142,98.6794,9.8,102.81299591064453,9.815999984741211,101.43862915039062,10.119999885559082,4.13359591064453,2.759229150390624,0.015999984741210227,0.3199998855590813
0.0135,-1.869666231504994,97.7397,9.8,108.74761962890625,9.2839994430542,101.71209716796875,10.196000099182129,11.00791962890625,3.972397167968751,-0.5160005569458015,0.3960000991821282
0.0136,-1.8664610916297826,97.1571,9.8,98.24258422851562,9.827199935913086,98.06941986083984,9.663999557495117,1.0854842285156252,0.912319860839844,0.027199935913085227,-0.13600044250488352
0.0139,-1.856985199745905,95.6858,9.9,97.0079345703125,9.704000473022461,97.0405044555664,10.015999794006348,1.3221345703124996,1.3547044555664058,-0.19599952697753942,0.1159997940063473
0.014,-1.853871964321762,94.9523,9.9,95.60212707519531,10.059200286865234,95.96794891357422,10.196000099182129,0.6498270751953186,1.0156489135742248,0.15920028686523402,0.29600009918212855
0.0142,-1.8477116556169435,94.2633,9.9,94.71240997314453,10.059200286865234,94.74771881103516,10.059200286865234,0.4491099731445303,0.4844188110351553,0.15920028686523402,0.15920028686523402
0.0145,-1.8386319977650252,92.8811,10.0,93.35391998291016,9.783599853515625,93.18085479736328,9.833999633789062,0.4728199829101527,0.2997547973632777,-0.216400146484375,-0.1660003662109375
0.0146,-1.8356471442155629,92.3316,10.0,92.96885681152344,10.161600112915039,92.64305114746094,9.833999633789062,0.6372568115234429,0.31145114746094293,0.16160011291503906,-0.1660003662109375
0.0147,-1.832682665251824,91.5517,10.1,92.14344787597656,9.90880012512207,91.8943862915039,9.934000015258789,0.5917478759765658,0.3426862915039095,-0.19119987487792933,-0.16599998474121058
0.015,-1.8239087409443189,90.2484,10.1,91.02610778808594,10.175600051879883,91.12371826171875,10.207200050354004,0.7777077880859338,0.8753182617187463,0.07560005187988317,0.10720005035400426
0.0151,-1.8210230527068305,89.8626,10.1,90.28237915039062,10.000799179077148,90.42118835449219,10.38479995727539,0.4197791503906245,0.558588354492187,-0.09920082092285121,0.284799957275391
0.0153,-1.8153085691824011,88.9919,10.2,89.39989471435547,10.043999671936035,89.36964416503906,10.069999694824219,0.40799471435546764,0.3777441650390614,-0.15600032806396413,-0.13000030517578054
0.0156,-1.8068754016455384,87.7727,10.2,88.14915466308594,10.144000053405762,88.01976776123047,10.170000076293945,0.3764546630859371,0.24706776123046836,-0.05599994659423757,-0.029999923706053977
0.0157,-1.8041003475907662,87.5309,10.3,87.90026092529297,10.179200172424316,87.76217651367188,10.206000328063965,0.36936092529296616,0.2312765136718724,-0.1207998275756843,-0.09399967193603587
0.0159,-1.7986028756795485,86.581,10.3,86.94373321533203,10.279200553894043,86.80162811279297,10.306000709533691,0.3627332153320282,0.22062811279296568,-0.020799446105957742,0.006000709533690696
0.0162,-1.790484985457369,85.4288,10.4,85.87804412841797,10.406000137329102,85.69144439697266,10.406000137329102,0.44924412841797334,0.26264439697266084,0.006000137329101207,0.006000137329101207
0.0163,-1.7878123955960423,85.313,10.4,85.84783935546875,10.43280029296875,85.62191009521484,10.406000137329102,0.5348393554687476,0.30891009521484136,0.032800292968749645,0.006000137329101207
0.0165,-1.7825160557860937,84.3083,10.4,84.8180923461914,10.308000564575195,84.97564697265625,10.2760009765625,0.5097923461914036,0.6673469726562473,-0.09199943542480504,-0.12399902343750036
0.0168,-1.7746907182741372,83.2105,10.5,83.81405639648438,10.448800086975098,83.7076187133789,10.51200008392334,0.6035563964843789,0.4971187133789101,-0.051199913024902344,0.012000083923339844
0.0171,-1.7670038896078462,82.1466,10.6,82.75313568115234,10.434399604797363,82.66657257080078,10.684000015258789,0.6065356811523372,0.5199725708007747,-0.16560039520263636,0.08400001525878942
0.0174,-1.7594507517174003,81.1148,10.7,81.87606811523438,10.960000038146973,82.12611389160156,11.185999870300293,0.7612681152343725,1.01131389160156,0.26000003814697337,0.4859998703002937
0.0177,-1.7520267336381934,80.1017,10.7,80.3847885131836,10.663999557495117,80.37153625488281,10.663999557495117,0.28308851318359984,0.2698362548828186,-0.0360004425048821,-0.0360004425048821
0.0179,-1.747146969020107,79.3156,10.8,79.56752014160156,10.766400337219238,79.55491638183594,10.791999816894531,0.25192014160155907,0.23931638183593407,-0.03359966278076243,-0.00800018310546946
0.018,-1.744727494896694,79.1151,10.8,79.37704467773438,10.813600540161133,79.36830139160156,10.738000869750977,0.2619446777343768,0.2532013916015643,0.013600540161132102,-0.06199913024902415
0.0183,-1.7375489102695705,78.1569,10.9,78.45380401611328,10.86240005493164,78.37738800048828,10.786800384521484,0.2969040161132881,0.2204880004882881,-0.03759994506835973,-0.11319961547851598
0.0185,-1.7328282715969863,77.5114,10.9,77.85240936279297,10.937199592590332,77.73473358154297,10.861599922180176,0.341009362792974,0.223333581542974,0.037199592590331676,-0.038400077819824574
0.0186,-1.7304870557820837,77.2257,11.0,77.62104797363281,11.012800216674805,77.46369934082031,10.913599967956543,0.39534797363280916,0.23799934082030916,0.012800216674804688,-0.08640003204345703
0.0189,-1.723538195826756,76.318,11.0,77.30781555175781,11.263200759887695,77.08287048339844,11.03640079498291,0.9898155517578147,0.7648704833984397,0.2632007598876953,0.036400794982910156
0.019,-1.7212463990471711,75.7865,11.1,76.91376495361328,11.993200302124023,77.04440307617188,11.968000411987305,1.1272649536132775,1.2579030761718712,0.8932003021240238,0.868000411987305
0.0192,-1.7166987712964503,75.4286,11.1,76.54525756835938,11.045600891113281,76.91842651367188,10.527200698852539,1.116657568359372,1.489826513671872,-0.054399108886718395,-0.5727993011474606
0.0195,-1.709965388637482,74.5646,11.2,74.92290496826172,10.827199935913086,75.07137298583984,10.827199935913086,0.3583049682617201,0.5067729858398451,-0.37280006408691335,-0.37280006408691335
0.0196,-1.7077439286435239,74.1567,11.3,74.52249145507812,10.88599967956543,74.58963775634766,11.003600120544434,0.3657914550781243,0.4329377563476555,-0.414000320434571,-0.2963998794555671
0.0198,-1.7033348097384688,73.7258,11.3,74.19641876220703,10.94480037689209,74.05276489257812,11.473999977111816,0.4706187622070246,0.32696489257811834,-0.35519962310791087,0.1739999771118157
0.02,-1.6989700043360187,72.9114,11.4,73.45777130126953,11.59160041809082,73.21830749511719,11.473999977111816,0.5463713012695308,0.30690749511718707,0.19160041809081996,0.07399997711181605
0.0202,-1.6946486305533763,72.6077,11.4,73.22541046142578,11.239999771118164,72.9616928100586,11.239999771118164,0.6177104614257871,0.3539928100585996,-0.1600002288818363,-0.1600002288818363
0.0203,-1.6925039620867872,72.1216,11.5,72.73516082763672,11.29840087890625,72.53713989257812,11.239999771118164,0.6135608276367179,0.4155398925781242,-0.20159912109375,-0.26000022888183594
0.0206,-1.6861327796308465,71.3564,11.6,71.96051025390625,11.29840087890625,72.02918243408203,11.70720100402832,0.6041102539062564,0.6727824340820376,-0.30159912109374964,0.10720100402832067
0.0207,-1.6840296545430822,71.1462,11.6,71.7789535522461,11.29840087890625,72.0207748413086,11.824000358581543,0.6327535522461005,0.8745748413086005,-0.30159912109374964,0.22400035858154332
0.0209,-1.679853713888946,70.6167,11.7,71.53114318847656,11.29840087890625,72.12307739257812,11.415200233459473,0.914443188476568,1.5063773925781305,-0.4015991210937493,-0.28479976654052663
0.0212,-1.6736641390712486,69.9036,11.8,70.20076751708984,11.972000122070312,70.21342468261719,11.972000122070312,0.29716751708984646,0.3098246826171902,0.1720001220703118,0.1720001220703118
0.0213,-1.6716203965612624,69.7801,11.8,70.07112884521484,11.972000122070312,70.06230926513672,11.972000122070312,0.2910288452148393,0.2822092651367143,0.1720001220703118,0.1720001220703118
0.0215,-1.6675615400843946,69.2188,11.9,69.50203704833984,12.061200141906738,69.4672622680664,12.061200141906738,0.2832370483398421,0.2484622680664046,0.16120014190673793,0.16120014190673793
0.0218,-1.6615435063953952,68.5635,12.1,68.83360290527344,12.150400161743164,68.7828369140625,12.150400161743164,0.2701029052734327,0.21933691406249523,0.05040016174316442,0.05040016174316442
0.0221,-1.6556077263148892,67.9262,12.2,68.17752075195312,12.3287992477417,68.12361145019531,12.3287992477417,0.25132075195313064,0.19741145019531814,0.12879924774169993,0.12879924774169993
0.0224,-1.6497519816658373,67.3227,12.3,67.54959869384766,12.418000221252441,67.50467681884766,12.350000381469727,0.2268986938476587,0.1819768188476587,0.1180002212524407,0.05000038146972585
0.0227,-1.6439741428068773,66.7512,12.5,66.95722961425781,12.563199996948242,66.92768096923828,12.529999732971191,0.2060296142578153,0.17648096923828405,0.06319999694824219,0.029999732971191406
0.0229,-1.640164517660112,66.2665,12.6,66.49468231201172,12.685600280761719,66.4382095336914,12.619999885559082,0.22818231201172523,0.17170953369141273,0.0856002807617191,0.019999885559082387
0.023,-1.6382721639824072,66.1994,12.6,66.43026733398438,12.685600280761719,66.3705825805664,12.619999885559082,0.23086733398437786,0.17118258056640911,0.0856002807617191,0.019999885559082387
0.0233,-1.632644078973981,65.6814,12.8,65.90536499023438,12.86400032043457,65.8424301147461,12.86400032043457,0.22396499023437855,0.1610301147460973,0.0640003204345696,0.0640003204345696
0.0235,-1.6289321377282637,65.2936,12.9,65.50784301757812,12.921600341796875,65.44532012939453,12.953200340270996,0.21424301757812714,0.1517201293945334,0.021600341796874645,0.05320034027099574
0.0236,-1.6270879970298935,65.1864,12.9,65.38208770751953,13.011199951171875,65.33314514160156,13.042399406433105,0.19568770751952513,0.14674514160155638,0.11119995117187464,0.1423994064331051
0.0239,-1.6216020990518623,64.7112,13.1,64.89171600341797,13.190399169921875,64.85197448730469,13.220799446105957,0.1805160034179636,0.14077448730468234,0.09039916992187536,0.12079944610595739
0.0241,-1.6179829574251317,64.409,13.2,64.59107208251953,13.279999732971191,64.53976440429688,13.25,0.18207208251952522,0.13076440429686897,0.07999973297119212,0.05000000000000071
0.0242,-1.6161846340195687,64.2642,13.3,64.43891906738281,13.369600296020508,64.39157104492188,13.34000015258789,0.17471906738281007,0.12737104492187257,0.0696002960205071,0.040000152587889914
0.0245,-1.6108339156354676,63.8404,13.5,64.01761627197266,13.548800468444824,63.974220275878906,13.520000457763672,0.17721627197265377,0.13382027587890377,0.04880046844482422,0.020000457763671875
0.0246,-1.609064892896621,63.6034,13.6,63.782440185546875,13.638399124145508,63.74161148071289,13.666799545288086,0.1790401855468744,0.13821148071289002,0.03839912414550817,0.06679954528808629
0.0248,-1.6055483191737838,63.4251,13.6,63.62628936767578,13.666799545288086,63.57394027709961,13.666799545288086,0.20118936767578077,0.1488402770996089,0.06679954528808629,0.06679954528808629
0.025,-1.6020599913279623,63.0256,13.8,63.22541809082031,13.872800827026367,63.18016815185547,13.845200538635254,0.19981809082031532,0.15456815185547157,0.07280082702636648,0.045200538635253196
0.0252,-1.5985994592184558,62.8448,13.9,63.045005798339844,13.961599349975586,63.00521469116211,13.934399604797363,0.20020579833984442,0.16041469116211005,0.06159934997558558,0.034399604797362926
0.0253,-1.596879478824182,62.6425,14.0,62.84157943725586,14.050399780273438,62.8034782409668,14.023600578308105,0.19907943725586108,0.16097824096679858,0.0503997802734375,0.02360057830810547
0.0256,-1.5917600346881504,62.2736,14.2,62.464534759521484,14.227999687194824,62.43750762939453,14.20199966430664,0.19093475952148253,0.1639076293945294,0.02799968719482493,0.0019996643066413355
0.0257,-1.5900668766687054,62.1483,14.3,62.3327522277832,14.316800117492676,62.31196212768555,14.291200637817383,0.18445222778320414,0.1636621276855479,0.01680011749267507,-0.008799362182617898
0.0259,-1.586700235918748,61.918,14.4,62.10414123535156,14.405599594116211,62.08119201660156,14.380399703979492,0.18614123535156324,0.16319201660156324,0.005599594116210582,-0.019600296020508168
0.0262,-1.5816987086802545,61.5743,14.6,61.76443862915039,14.607599258422852,61.73341751098633,14.631999969482422,0.1901386291503897,0.1591175109863272,0.007599258422851918,0.03199996948242223
0.0263,-1.5800442515102422,61.4861,14.6,61.68516159057617,14.607599258422852,61.64658737182617,14.631999969482422,0.19906159057617145,0.16048737182617145,0.007599258422851918,0.03199996948242223
0.0265,-1.576754126063192,61.2427,14.8,61.43452835083008,14.808000564575195,61.411720275878906,14.808000564575195,0.19182835083007888,0.169020275878907,0.008000564575194602,0.008000564575194602
0.0266,-1.575118363368933,61.1797,14.8,61.37998580932617,14.808000564575195,61.35605239868164,14.808000564575195,0.200285809326175,0.17635239868164376,0.008000564575194602,0.008000564575194602
0.0268,-1.5718652059712113,60.9229,15.0,61.147132873535156,14.878800392150879,61.09506607055664,14.926000595092773,0.22423287353515775,0.17216607055664213,-0.1211996078491211,-0.07399940490722656
0.0269,-1.570247719997592,60.8537,15.0,61.07368850708008,15.052400588989258,61.0225944519043,15.098000526428223,0.21998850708007467,0.16889445190429342,0.05240058898925781,0.09800052642822266
0.0271,-1.5670307091255944,60.612,15.1,60.841514587402344,15.166399955749512,60.785160064697266,15.098000526428223,0.22951458740234187,0.17316006469726375,0.06639995574951207,-0.0019994735717769885
0.0274,-1.562249437179612,60.3054,15.3,60.5260009765625,15.380000114440918,60.48648452758789,15.336000442504883,0.22060097656250122,0.18108452758789184,0.08000011444091726,0.0360004425048821
0.0276,-1.5590909179347823,59.9901,11.9,60.13800811767578,11.947999954223633,60.1157341003418,11.947999954223633,0.14790811767578305,0.12563410034179867,0.04799995422363246,0.04799995422363246
0.0279,-1.5543957967264024,59.5755,12.0,59.7158088684082,11.981199264526367,59.695030212402344,12.015999794006348,0.140308868408205,0.11953021240234563,-0.018800735473632812,0.015999794006347656
0.028,-1.5528419686577808,59.4415,12.1,59.58465576171875,12.048799514770508,59.56110382080078,12.083999633789062,0.14315576171875222,0.11960382080078347,-0.05120048522949183,-0.016000366210937145
0.0282,-1.5497508916806388,59.1815,12.1,59.33226776123047,12.148799896240234,59.30670166015625,12.184000015258789,0.15076776123046898,0.12520166015625023,0.04879989624023473,0.08400001525878942
0.0284,-1.5466816599529623,58.8071,12.2,58.96609115600586,12.284000396728516,58.93338394165039,12.139999389648438,0.158991156005861,0.12628394165039225,0.08400039672851634,-0.06000061035156179
0.0286,-1.5436339668709569,58.6473,12.3,58.818641662597656,12.175999641418457,58.77006149291992,12.139999389648438,0.17134166259765493,0.12276149291992056,-0.12400035858154368,-0.1600006103515632
0.0287,-1.5421181032660076,58.451,12.3,58.62080001831055,12.096799850463867,58.57379913330078,12.206000328063965,0.16980001831054636,0.12279913330078074,-0.20320014953613352,-0.09399967193603587
0.029,-1.537602002101044,58.1122,12.4,58.31560134887695,12.10319995880127,58.238433837890625,12.253599166870117,0.20340134887695172,0.1262338378906236,-0.2968000411987308,-0.14640083312988317
0.0291,-1.5361070110140926,57.932,12.5,58.145545959472656,12.166000366210938,58.05915069580078,12.317999839782715,0.2135459594726541,0.1271506958007791,-0.3339996337890625,-0.18200016021728516
0.0293,-1.5331323796458904,57.7897,12.5,58.05280303955078,12.065999984741211,57.93638610839844,12.289199829101562,0.26310303955077785,0.1466861083984341,-0.43400001525878906,-0.2108001708984375
0.0295,-1.530177984021837,57.4824,12.6,57.76458740234375,12.175200462341309,57.65384292602539,12.444000244140625,0.2821874023437516,0.17144292602539224,-0.42479953765869105,-0.15599975585937464
0.0297,-1.5272435506827877,57.2868,12.7,57.59049987792969,12.437600135803223,57.55924606323242,12.60200023651123,0.303699877929688,0.2724460632324224,-0.26239986419677663,-0.09799976348876882
0.0298,-1.5257837359237447,57.19,12.7,57.50707244873047,11.47439956665039,57.45555114746094,12.572000503540039,0.317072448730471,0.2655511474609398,-1.2256004333496087,-0.12799949645996023
0.03,-1.5228787452803376,56.9703,12.8,57.19502258300781,12.547200202941895,57.1678466796875,12.60200023651123,0.22472258300781078,0.19754667968749828,-0.2527997970581062,-0.19799976348877024
0.0301,-1.5214335044061567,56.9109,12.8,57.1153564453125,12.547200202941895,57.08967971801758,12.711599349975586,0.20445644531250196,0.17877971801758008,-0.2527997970581062,-0.08840065002441477
0.0303,-1.518557371497695,56.7036,12.9,56.88706970214844,12.60200023651123,56.86158752441406,12.711599349975586,0.18346970214843594,0.15798752441406094,-0.2979997634887699,-0.18840065002441442
0.0306,-1.51427857351842,56.3914,13.0,56.56770324707031,12.656000137329102,56.5300178527832,12.927999496459961,0.1763032470703152,0.13861785278320582,-0.34399986267089844,-0.07200050354003906
0.0308,-1.5114492834995557,56.1771,13.1,56.35291290283203,12.601600646972656,56.307106018066406,12.656000137329102,0.17581290283202833,0.13000601806640333,-0.4983993530273434,-0.4439998626708981
0.0309,-1.5100415205751654,56.1506,13.1,56.33445739746094,12.656000137329102,56.27742385864258,12.601600646972656,0.18385739746094032,0.12682385864258094,-0.4439998626708981,-0.4983993530273434
0.0311,-1.5072396109731625,55.8932,4.8,56.12788772583008,12.656000137329102,56.04384231567383,12.601600646972656,0.2346877258300779,0.1506423156738279,7.856000137329102,7.801600646972656
0.0314,-1.5030703519267852,55.4743,4.8,55.97954559326172,12.81920051574707,55.84714889526367,12.492799758911133,0.5052455932617193,0.3728488952636724,8.01920051574707,7.692799758911133
0.0329,-1.4828041020500258,53.4565,4.9,54.00704574584961,4.828000068664551,54.051326751708984,4.696000099182129,0.550545745849611,0.594826751708986,-0.07199993133544957,-0.20399990081787145
0.0343,-1.4647058799572295,51.8611,5.0,52.360572814941406,4.849999904632568,52.350791931152344,4.696000099182129,0.49947281494140583,0.48969193115234333,-0.15000009536743164,-0.3039999008178711
0.0357,-1.4473317838878068,50.5937,5.0,51.243865966796875,4.606400012969971,51.42278289794922,4.920000076293945,0.6501659667968767,0.8290828979492204,-0.3935999870300293,-0.07999992370605469
0.0371,-1.4306260903849541,49.6191,5.1,51.69725799560547,5.484000205993652,51.42234802246094,5.179999828338623,2.0781579956054657,1.8032480224609344,0.3840002059936527,0.0799998283386234
0.0386,-1.413412695328245,48.8924,5.1,50.983604431152344,5.636000156402588,50.701236724853516,5.4079999923706055,2.0912044311523417,1.8088367248535135,0.5360001564025882,0.3079999923706058
0.04,-1.3979400086720375,48.3526,5.2,50.647857666015625,5.711999893188477,50.240901947021484,5.559999942779541,2.2952576660156225,1.888301947021482,0.5119998931884764,0.35999994277954084
0.0414,-1.3829996588791011,47.9623,5.2,50.39665603637695,5.788000106811523,50.204994201660156,5.559999942779541,2.434356036376954,2.242694201660157,0.5880001068115233,0.35999994277954084
0.0429,-1.3675427078152758,47.6697,5.3,50.11717224121094,5.636000156402588,49.52632141113281,5.559999942779541,2.4474722412109386,1.8566214111328136,0.33600015640258807,0.2599999427795412
0.0443,-1.3535962737769305,46.7937,13.6,49.26926803588867,13.008000373840332,48.808815002441406,5.4079999923706055,2.4755680358886707,2.015115002441405,-0.5919996261596676,-8.192000007629394
0.0457,-1.3400837999301498,45.9736,13.7,48.581443786621094,13.008000373840332,48.41666793823242,5.4079999923706055,2.607843786621096,2.4430679382324243,-0.6919996261596673,-8.292000007629394
0.0471,-1.3269790928711038,45.2861,13.8,48.13047790527344,13.008000373840332,47.850730895996094,13.083999633789062,2.84437790527344,2.564630895996096,-0.7919996261596687,-0.7160003662109382
0.0486,-1.3133637307377066,44.6953,13.9,45.13761901855469,13.983200073242188,45.21889114379883,13.927999496459961,0.44231901855468436,0.523591143798825,0.08320007324218714,0.027999496459960582
0.05,-1.3010299956639813,44.1851,14.1,44.7347412109375,13.851999282836914,44.899784088134766,13.619999885559082,0.5496412109375015,0.7146840881347671,-0.24800071716308558,-0.4800001144409176
0.0514,-1.2890368810047244,43.7506,14.2,45.458499908447266,13.236000061035156,46.04911422729492,13.083999633789062,1.707899908447267,2.2985142272949233,-0.963999938964843,-1.1160003662109368
0.0529,-1.2765443279648143,43.1359,11.3,45.56495666503906,13.15999984741211,44.95936965942383,13.083999633789062,2.429056665039063,1.8234696594238287,1.8599998474121087,1.7839996337890618
0.0543,-1.265200170411153,42.5977,11.9,45.19966125488281,8.904000282287598,44.23860168457031,9.588000297546387,2.6019612548828093,1.6409016845703093,-2.9959997177124027,-2.3119997024536136
0.0557,-1.254144804826271,42.2989,12.5,44.327781677246094,8.904000282287598,43.8170166015625,8.979999542236328,2.0288816772460905,1.5181166015624967,-3.5959997177124023,-3.520000457763672
0.0571,-1.243363891754152,42.165,13.1,43.89921188354492,8.904000282287598,43.76166915893555,8.979999542236328,1.7342118835449227,1.5966691589355477,-4.195999717712402,-4.1200004577636715
0.0586,-1.2321023839819094,41.6783,8.1,42.366676330566406,13.636799812316895,42.3154182434082,13.669600486755371,0.6883763305664061,0.637118243408203,5.536799812316895,5.5696004867553714
0.06,-1.2218487496163564,40.9506,8.1,41.776126861572266,8.387199401855469,41.81039810180664,8.660799026489258,0.8255268615722642,0.8597981018066392,0.2871994018554691,0.5607990264892582
0.0614,-1.2118316288588322,40.259,8.1,41.40253829956055,8.727999687194824,41.30125045776367,9.064000129699707,1.1435382995605465,1.0422504577636715,0.6279996871948246,0.9640001296997074
0.0629,-1.2013493545547311,39.5919,8.1,41.20518493652344,8.979999542236328,41.285179138183594,8.979999542236328,1.613284936523435,1.6932791381835912,0.8799995422363285,0.8799995422363285
0.0643,-1.191789027075778,38.9404,8.1,40.3599853515625,8.751999855041504,40.33473205566406,8.979999542236328,1.4195853515625032,1.3943320556640657,0.6519998550415043,0.8799995422363285
0.0657,-1.1824346304402193,38.299,8.1,39.57687759399414,8.751999855041504,39.51115798950195,8.979999542236328,1.2778775939941411,1.2121579895019536,0.6519998550415043,0.8799995422363285
0.0671,-1.173277479831008,37.6659,8.1,38.78044891357422,7.5360002517700195,38.835330963134766,8.979999542236328,1.1145489135742181,1.169430963134765,-0.5639997482299801,0.8799995422363285
0.0686,-1.1636758842932484,37.0458,8.1,38.06365203857422,7.611999988555908,38.14582824707031,8.600000381469727,1.017852038574219,1.1000282470703127,-0.48800001144409144,0.5000003814697269
0.07,-1.154901959985743,36.4486,8.1,37.55152130126953,8.600000381469727,37.516056060791016,8.600000381469727,1.1029213012695323,1.0674560607910166,0.5000003814697269,0.5000003814697269
0.0714,-1.1463017882238256,35.8881,8.2,37.0294075012207,8.82800006866455,36.84025573730469,8.979999542236328,1.1413075012207017,0.9521557373046861,0.6280000686645515,0.7799995422363288
0.0729,-1.1372724716820253,35.3739,8.3,36.56977844238281,9.055999755859375,36.255374908447266,8.979999542236328,1.1958784423828135,0.8814749084472666,0.7559997558593743,0.6799995422363274
0.0743,-1.1290111862394248,34.9151,8.4,36.09607696533203,9.055999755859375,35.777099609375,8.979999542236328,1.1809769653320288,0.8619996093749975,0.6559997558593746,0.5799995422363278
0.0757,-1.1209041204999273,34.5182,8.5,35.60823440551758,8.979999542236328,35.320194244384766,8.979999542236328,1.090034405517578,0.8019942443847654,0.4799995422363281,0.4799995422363281
0.0771,-1.112945621949043,34.1787,8.7,35.1773796081543,8.979999542236328,34.91596984863281,9.359999656677246,0.9986796081542977,0.7372698486328133,0.27999954223632884,0.6599996566772468
0.0786,-1.1045774539605921,33.8781,9.0,34.777183532714844,8.979999542236328,34.59785842895508,9.359999656677246,0.8990835327148403,0.7197584289550747,-0.020000457763671875,0.3599996566772461
0.08,-1.0969100130080565,33.569,9.2,34.457420349121094,8.979999542236328,34.3277702331543,9.588000297546387,0.8884203491210911,0.7587702331542943,-0.22000045776367116,0.38800029754638743
0.0814,-1.0893755951107988,33.2293,9.4,34.191436767578125,9.055999755859375,33.98502731323242,9.588000297546387,0.9621367675781229,0.7557273132324198,-0.34400024414062536,0.18800029754638636
0.0829,-1.0814454694497264,32.8781,9.6,33.974510192871094,9.208000183105469,33.64543533325195,9.359999656677246,1.0964101928710903,0.7673353332519497,-0.3919998168945309,-0.24000034332275355
0.0843,-1.0741724253752576,32.5514,9.8,33.68815231323242,8.068000793457031,33.34623718261719,9.359999656677246,1.1367523132324209,0.7948371826171865,-1.7319992065429695,-0.4400003433227546
0.0857,-1.067019178076802,32.2761,10.0,33.436241149902344,6.015999794006348,33.09038162231445,5.788000106811523,1.1601411499023442,0.8142816223144536,-3.9840002059936523,-4.211999893188477
0.0871,-1.0599818449923368,31.9846,5.8,32.99834442138672,6.015999794006348,32.73807907104492,5.788000106811523,1.0137444213867184,0.7534790710449215,0.21599979400634783,-0.011999893188476385
0.0886,-1.0525662781129492,31.5566,5.9,32.53544616699219,6.015999794006348,32.27835464477539,5.788000106811523,0.978846166992188,0.7217546447753911,0.1159997940063473,-0.11199989318847692
0.09,-1.0457574905606752,31.1638,6.0,32.15359878540039,6.015999794006348,31.859445571899414,5.788000106811523,0.9897987854003922,0.6956455718994157,0.015999794006347656,-0.21199989318847656
0.0914,-1.0390538042661686,30.8016,6.0,31.78365707397461,6.015999794006348,31.48908805847168,5.788000106811523,0.9820570739746088,0.6874880584716792,0.015999794006347656,-0.21199989318847656
0.0929,-1.0319842860063582,30.4702,6.1,31.484495162963867,6.015999794006348,31.17586326599121,5.788000106811523,1.0142951629638688,0.7056632659912125,-0.08400020599365199,-0.3119998931884762
0.0943,-1.0254883072626717,30.168,6.2,31.189800262451172,6.015999794006348,30.90236473083496,5.939999580383301,1.0218002624511726,0.7343647308349617,-0.18400020599365252,-0.2600004196166994
0.0957,-1.0190880622231564,29.8936,6.2,30.921951293945312,6.015999794006348,30.66352653503418,5.939999580383301,1.0283512939453132,0.7699265350341804,-0.18400020599365252,-0.2600004196166994
0.0971,-1.012780770091995,29.6449,6.3,30.735122680664062,6.015999794006348,30.454971313476562,5.939999580383301,1.0902226806640627,0.8100713134765627,-0.28400020599365217,-0.36000041961669904
0.0986,-1.0061230850587888,29.4237,6.4,30.531635284423828,6.015999794006348,30.285390853881836,5.939999580383301,1.107935284423828,0.8616908538818357,-0.3840002059936527,-0.4600004196166996
0.1,-1.0,29.2274,6.4,30.423927307128906,6.015999794006348,30.120628356933594,6.320000171661377,1.1965273071289069,0.8932283569335944,-0.3840002059936527,-0.0799998283386234
0.1041,-0.9825492704894638,28.8085,6.6,30.04770278930664,7.5360002517700195,29.69217300415039,7.840000152587891,1.239202789306642,0.883673004150392,0.9360002517700199,1.240000152587891
0.1082,-0.9657727392294494,28.3133,15.6,29.283422470092773,14.527999877929688,29.2486515045166,14.831999778747559,0.9701224700927717,0.9353515045165999,-1.0720001220703121,-0.768000221252441
0.1122,-0.9500071430798575,27.3042,15.6,28.12693977355957,14.527999877929688,28.073558807373047,14.45199966430664,0.8227397735595687,0.7693588073730453,-1.0720001220703121,-1.148000335693359
0.1163,-0.9344202852715516,26.6846,15.6,27.55213737487793,14.604000091552734,27.506244659423828,15.0600004196167,0.86753737487793,0.8216446594238285,-0.9959999084472653,-0.5399995803833004
0.1204,-0.9193735130781943,26.335,15.5,27.11427879333496,14.680000305175781,27.11945915222168,15.4399995803833,0.7792787933349601,0.7844591522216788,-0.8199996948242188,-0.06000041961669922
0.1245,-0.9048306485682449,26.1798,15.5,26.80714988708496,14.680000305175781,26.86294937133789,15.4399995803833,0.6273498870849608,0.6831493713378904,-0.8199996948242188,-0.06000041961669922
0.1286,-0.8907590314117968,26.1722,15.6,26.729177474975586,15.136000633239746,26.82980728149414,15.136000633239746,0.5569774749755858,0.6576072814941405,-0.46399936676025355,-0.46399936676025355
0.1327,-0.8771290771355644,26.2838,15.7,26.869089126586914,15.287999153137207,26.924667358398438,15.0600004196167,0.5852891265869147,0.6408673583984381,-0.41200084686279226,-0.6399995803833001
0.1367,-0.8642314854321778,26.4976,15.8,27.142066955566406,15.515999794006348,27.176843643188477,15.0600004196167,0.6444669555664078,0.6792436431884781,-0.28400020599365305,-0.7399995803833015
0.1408,-0.8513973451939065,26.8073,16.0,27.387502670288086,15.592000007629395,27.42641830444336,15.4399995803833,0.5802026702880845,0.6191183044433579,-0.40799999237060547,-0.5600004196166992
0.1449,-0.8389316145288254,27.2236,16.2,27.84856414794922,15.668000221252441,27.83529281616211,15.668000221252441,0.6249641479492176,0.6116928161621082,-0.5319997787475579,-0.5319997787475579
0.149,-0.826813731587726,27.7785,16.3,28.436731338500977,15.668000221252441,28.490211486816406,15.819999694824219,0.6582313385009755,0.7117114868164052,-0.6319997787475593,-0.48000030517578196
0.1531,-0.8150248093017389,28.5731,16.6,29.24127197265625,15.515999794006348,29.370264053344727,15.744000434875488,0.6681719726562498,0.7971640533447264,-1.0840002059936538,-0.8559995651245131
0.1571,-0.8038238149600268,30.1311,17.0,30.83222198486328,15.212000846862793,30.87000274658203,15.0600004196167,0.7011219848632813,0.7389027465820313,-1.787999153137207,-1.9399995803833008
0.1612,-0.7926349625309281,30.6312,13.7,31.51413917541504,14.527999877929688,31.34805679321289,14.755999565124512,0.8829391754150393,0.7168567932128909,0.8279998779296882,1.0559995651245124
0.1653,-0.7817271464285525,30.1487,14.0,30.952014923095703,14.604000091552734,30.80552864074707,14.755999565124512,0.8033149230957015,0.6568286407470687,0.6040000915527344,0.7559995651245117
0.1694,-0.7710865940053119,29.7276,14.5,30.508604049682617,15.136000633239746,30.39113426208496,15.0600004196167,0.7810040496826183,0.663534262084962,0.6360006332397461,0.5600004196166992
0.1735,-0.7607005208731075,29.3792,14.9,30.16342544555664,15.287999153137207,30.06685447692871,15.744000434875488,0.7842254455566398,0.6876544769287101,0.3879991531372067,0.8440004348754879
0.1776,-0.7505570385574177,29.106,15.4,29.870649337768555,15.4399995803833,29.74951934814453,15.744000434875488,0.764649337768553,0.6435193481445296,0.039999580383300426,0.3440004348754879
0.1816,-0.7408841558149337,28.9081,15.9,29.632762908935547,15.515999794006348,29.482288360595703,15.819999694824219,0.7246629089355459,0.5741883605957021,-0.3840002059936527,-0.0800003051757816
0.1857,-0.7311880962602195,28.782,16.3,29.48520278930664,15.515999794006348,29.283124923706055,15.4399995803833,0.7032027893066406,0.5011249237060547,-0.784000205993653,-0.8600004196166999
0.1898,-0.7217037919087261,28.7214,16.6,29.429670333862305,15.515999794006348,29.162521362304688,15.4399995803833,0.7082703338623055,0.44112136230468835,-1.0840002059936538,-1.1600004196167006
0.1939,-0.7124221909212947,28.7182,16.9,29.38798713684082,14.680000305175781,29.136539459228516,15.4399995803833,0.6697871368408208,0.4183394592285161,-2.2199996948242173,-1.4600004196166978
0.198,-0.7033348097384688,28.7632,17.1,29.437255859375,14.755999565124512,29.217973709106445,15.0600004196167,0.6740558593749988,0.4547737091064441,-2.3440004348754897,-2.039999580383302
0.202,-0.6946486305533762,28.8386,13.9,29.55870819091797,14.831999778747559,29.295028686523438,15.0600004196167,0.7201081909179692,0.45642868652343793,0.9319997787475582,1.1600004196166989
0.2061,-0.6859220082207871,28.2072,14.6,28.896282196044922,14.755999565124512,28.628620147705078,15.0600004196167,0.6890821960449216,0.42142014770507785,0.15599956512451207,0.4600004196166996
0.2102,-0.6773672883077766,27.7977,15.1,28.448293685913086,14.680000305175781,28.171140670776367,15.0600004196167,0.650593685913087,0.3734406707763682,-0.4199996948242184,-0.039999580383300426
0.2143,-0.6689778289581714,27.5186,15.4,28.16266632080078,14.604000091552734,27.884492874145508,14.45199966430664,0.644066320800782,0.36589287414550853,-0.795999908447266,-0.9480003356933597
0.2184,-0.6607473659673003,27.3235,15.6,28.01768684387207,14.604000091552734,27.723970413208008,14.831999778747559,0.6941868438720711,0.4004704132080086,-0.9959999084472653,-0.768000221252441
0.2224,-0.6528652170899801,27.1862,15.8,27.889686584472656,14.680000305175781,27.61186981201172,15.0600004196167,0.7034865844726568,0.4256698120117193,-1.1199996948242195,-0.7399995803833015
0.2265,-0.6449317936511493,27.0894,16.0,27.77031135559082,15.363999366760254,27.52349090576172,15.0600004196167,0.6809113555908191,0.4340909057617175,-0.6360006332397461,-0.9399995803833008
0.2306,-0.6371406970413198,27.0227,16.2,27.854198455810547,15.592000007629395,27.48067855834961,15.4399995803833,0.8314984558105465,0.457978558349609,-0.6079999923706048,-0.7600004196166985
0.2347,-0.6294869104014075,26.9786,16.4,27.768217086791992,15.668000221252441,27.45962142944336,15.819999694824219,0.789617086791992,0.48102142944335924,-0.7319997787475572,-0.5800003051757798
0.2388,-0.6219656775426685,26.9518,16.5,27.70404624938965,15.744000434875488,27.44750213623047,15.819999694824219,0.7522462493896498,0.4957021362304701,-0.7559995651245117,-0.6800003051757812
0.2429,-0.6145724851948694,26.9391,16.7,27.63589859008789,15.668000221252441,27.423500061035156,15.819999694824219,0.6967985900878908,0.4844000610351564,-1.0319997787475579,-0.8800003051757805
0.2469,-0.6074789100680678,26.9387,16.8,27.58814239501953,15.592000007629395,27.420921325683594,15.819999694824219,0.6494423950195305,0.482221325683593,-1.2079999923706062,-0.980000305175782
0.251,-0.6003262785189618,26.9482,17.0,27.595802307128906,15.668000221252441,27.440298080444336,15.819999694824219,0.6476023071289063,0.492098080444336,-1.3319997787475586,-1.1800003051757812
0.2551,-0.59328954139021,26.9674,17.2,27.63709831237793,15.744000434875488,27.46996307373047,15.819999694824219,0.6696983123779283,0.5025630737304674,-1.455999565124511,-1.3800003051757805
0.2592,-0.5863650028014443,26.9956,17.3,27.745277404785156,15.744000434875488,27.501501083374023,15.819999694824219,0.7496774047851567,0.5059010833740238,-1.5559995651245124,-1.480000305175782
0.2633,-0.5795491408939318,27.0322,17.5,27.80987548828125,15.819999694824219,27.54325294494629,16.200000762939453,0.7776754882812504,0.5110529449462895,-1.6800003051757812,-1.2999992370605469
0.2673,-0.5730010412434628,27.0775,17.7,27.84438133239746,15.819999694824219,27.608423233032227,15.819999694824219,0.7668813323974604,0.530923233032226,-1.8800003051757805,-1.8800003051757805
0.2714,-0.5663901566762818,27.1315,17.9,27.899431228637695,15.668000221252441,27.67765998840332,15.819999694824219,0.7679312286376963,0.5461599884033213,-2.231999778747557,-2.08000030517578
0.2755,-0.5598783968121961,27.1939,18.0,27.916595458984375,14.907999992370605,27.71591567993164,15.4399995803833,0.7226954589843757,0.5220156799316413,-3.0920000076293945,-2.560000419616699
0.2796,-0.5534628329263562,27.2655,18.2,27.95376968383789,14.831999778747559,27.7447566986084,15.4399995803833,0.6882696838378912,0.47925669860839903,-3.3680002212524407,-2.7600004196166985
0.2837,-0.5471406642041478,27.3459,18.3,28.01010513305664,14.907999992370605,27.788253784179688,15.0600004196167,0.6642051330566403,0.4423537841796872,-3.3920000076293952,-3.2399995803833015
0.2878,-0.5409092103994136,27.4344,18.5,28.088064193725586,15.363999366760254,27.84148597717285,15.0600004196167,0.6536641937255858,0.40708597717285144,-3.136000633239746,-3.439999580383301
0.2918,-0.5349147124425672,27.5309,18.7,28.176605224609375,15.4399995803833,27.92268180847168,15.0600004196167,0.645705224609376,0.39178180847168065,-3.2600004196166985,-3.6399995803833
0.2959,-0.528855034839367,27.468,13.9,28.162803649902344,15.4399995803833,27.874160766601562,15.0600004196167,0.6948036499023438,0.40616076660156253,1.5399995803833004,1.1600004196166989
0.3,-0.5228787452803376,27.3803,14.2,28.104232788085938,15.4399995803833,27.801225662231445,15.0600004196167,0.7239327880859392,0.420925662231447,1.2399995803833015,0.8600004196166999
0.3003,-0.522444667801019,27.3752,14.2,28.10135269165039,15.4399995803833,27.797679901123047,15.0600004196167,0.7261526916503911,0.42247990112304734,1.2399995803833015,0.8600004196166999
0.302,-0.5199930570428494,27.3409,14.3,28.081348419189453,15.4399995803833,27.773372650146484,15.0600004196167,0.7404484191894518,0.43247265014648306,1.1399995803833,0.7600004196166985
0.3087,-0.5104633705179047,27.2404,14.8,28.04638671875,15.4399995803833,27.73052978515625,15.0600004196167,0.8059867187499989,0.49012978515624894,0.6399995803833001,0.2600004196166985
0.3172,-0.49866682135443385,27.1587,15.3,28.048023223876953,15.592000007629395,27.691143035888672,15.363999366760254,0.8893232238769535,0.5324430358886723,0.2920000076293938,0.0639993667602532
0.3256,-0.4873156037828364,27.1257,15.8,28.01314353942871,15.592000007629395,27.636369705200195,15.363999366760254,0.8874435394287126,0.5106697052001969,-0.20799999237060618,-0.4360006332397468
0.3341,-0.47612352436186867,27.1363,16.4,27.996728897094727,15.515999794006348,27.610864639282227,15.4399995803833,0.860428897094728,0.47456463928222803,-0.8840002059936509,-0.9600004196166978
0.3425,-0.4653394241715556,27.188,16.9,28.03826904296875,15.515999794006348,27.631793975830078,15.0600004196167,0.8502690429687512,0.4437939758300793,-1.384000205993651,-1.8399995803832994
0.351,-0.4546928835341759,27.2748,17.3,28.151086807250977,15.668000221252441,27.70744514465332,15.0600004196167,0.8762868072509775,0.43264514465332127,-1.6319997787475593,-2.2399995803833015
0.3594,-0.444421927227045,27.3944,17.8,28.382963180541992,15.668000221252441,27.82733726501465,15.0600004196167,0.9885631805419912,0.43293726501464747,-2.1319997787475593,-2.7399995803833015
0.3679,-0.434270212168873,27.5419,18.2,28.633441925048828,16.124000549316406,28.000490188598633,15.0600004196167,1.0915419250488299,0.45859018859863454,-2.075999450683593,-3.1399995803833
0.3764,-0.4243503852447807,27.5958,12.0,28.67060661315918,14.984000205993652,28.088638305664062,14.831999778747559,1.0748066131591791,0.49283830566406195,2.9840002059936523,2.8319997787475586
0.3848,-0.4147649366342247,27.6352,12.3,28.609590530395508,14.907999992370605,28.1220645904541,14.831999778747559,0.9743905303955067,0.48686459045410047,2.6079999923706048,2.531999778747558
0.3933,-0.4052760535902533,27.6967,12.5,28.559099197387695,15.0600004196167,28.18984603881836,14.831999778747559,0.8623991973876954,0.4931460388183595,2.560000419616699,2.3319997787475586
0.4017,-0.3960981682683286,27.7783,12.8,28.58327293395996,15.287999153137207,28.292665481567383,15.4399995803833,0.8049729339599594,0.5143654815673813,2.4879991531372063,2.6399995803833
0.4102,-0.3870043439676525,27.8782,13.0,28.671171188354492,15.363999366760254,28.4589786529541,15.136000633239746,0.7929711883544925,0.5807786529541019,2.363999366760254,2.136000633239746
0.4186,-0.3782007759973323,27.9948,13.2,28.813987731933594,15.363999366760254,28.60525894165039,15.0600004196167,0.8191877319335923,0.6104589416503892,2.1639993667602546,1.8600004196167
0.4271,-0.36947042857317597,28.1264,13.4,28.985008239746094,15.515999794006348,28.762413024902344,15.0600004196167,0.8586082397460935,0.6360130249023435,2.1159997940063473,1.6600004196166989
0.4355,-0.361011840656318,28.2715,13.6,29.155792236328125,15.668000221252441,28.975555419921875,15.0600004196167,0.8842922363281254,0.7040554199218754,2.0680002212524418,1.4600004196166996
0.444,-0.3526170298853802,28.4288,13.8,29.3164005279541,15.668000221252441,29.170515060424805,15.0600004196167,0.8876005279541026,0.7417150604248057,1.8680002212524407,1.2600004196166985
0.4524,-0.3444774037465823,28.5968,13.9,29.5307559967041,15.515999794006348,29.33300018310547,15.0600004196167,0.9339559967040998,0.736200183105467,1.6159997940063473,1.1600004196166989
0.4609,-0.33639329187547967,28.7742,14.1,29.767070770263672,15.592000007629395,29.482816696166992,15.0600004196167,0.9928707702636714,0.7086166961669917,1.4920000076293949,0.9600004196166996
0.4694,-0.3284569147374262,28.9605,14.3,29.989717483520508,16.124000549316406,29.660072326660156,15.0600004196167,1.0292174835205081,0.6995723266601566,1.8240005493164055,0.7600004196166985
0.4778,-0.3207538545861409,29.1537,14.4,30.190956115722656,16.124000549316406,29.861392974853516,15.0600004196167,1.0372561157226556,0.707692974853515,1.724000549316406,0.6600004196166989
0.4863,-0.3130957304318226,29.3543,14.6,30.35531997680664,16.200000762939453,30.049211502075195,15.0600004196167,1.0010199768066421,0.6949115020751968,1.6000007629394535,0.4600004196166996
0.4947,-0.3056580896358188,29.5604,14.7,30.545549392700195,16.04800033569336,30.212459564208984,15.0600004196167,0.985149392700194,0.652059564208983,1.34800033569336,0.36000041961669993
0.5032,-0.2982593675627875,29.7717,14.8,30.736427307128906,15.668000221252441,30.40679168701172,15.0600004196167,0.9647273071289071,0.6350916870117196,0.8680002212524407,0.2600004196166985
0.5041,-0.29748330256184946,29.7946,14.8,30.756938934326172,15.668000221252441,30.431041717529297,15.0600004196167,0.9623389343261728,0.6364417175292978,0.8680002212524407,0.2600004196166985
0.5116,-0.29106946419338364,29.9875,15.0,30.947431564331055,15.668000221252441,30.632694244384766,15.0600004196167,0.959931564331054,0.6451942443847649,0.6680002212524414,0.06000041961669922
0.5201,-0.2839131462251679,30.2069,15.1,31.148401260375977,15.592000007629395,30.840591430664062,15.0600004196167,0.9415012603759756,0.6336914306640615,0.4920000076293949,-0.039999580383300426
0.5285,-0.27695500835655495,30.4296,15.2,31.37169647216797,15.592000007629395,31.069721221923828,15.0600004196167,0.9420964721679681,0.6401212219238275,0.39200000762939524,-0.13999958038330007
0.537,-0.27002571430044436,30.6552,15.3,31.677356719970703,15.668000221252441,31.320838928222656,15.0600004196167,1.0221567199707025,0.6656389282226556,0.3680002212524407,-0.2399995803833015
0.5455,-0.2632052450756393,30.8831,15.4,31.99419593811035,16.352001190185547,31.598785400390625,15.0600004196167,1.1110959381103527,0.7156854003906261,0.9520011901855465,-0.33999958038330114
0.5539,-0.25656863485331644,31.113,15.5,32.303253173828125,16.352001190185547,31.872541427612305,15.4399995803833,1.1902531738281255,0.7595414276123051,0.8520011901855469,-0.06000041961669922
0.5624,-0.24995468798823245,31.3442,15.6,32.61103057861328,16.352001190185547,32.117088317871094,15.4399995803833,1.2668305786132805,0.772888317871093,0.7520011901855472,-0.16000041961669886
0.5708,-0.24351603555739068,31.5768,15.7,32.83177947998047,16.352001190185547,32.32362365722656,15.4399995803833,1.25497947998047,0.7468236572265639,0.6520011901855476,-0.2600004196166985
0.5793,-0.23709647150094282,31.5137,11.0,32.793582916259766,16.352001190185547,32.253841400146484,15.0600004196167,1.2798829162597656,0.7401414001464843,5.352001190185547,4.060000419616699
0.5877,-0.2308443092856012,31.4481,11.2,32.70325469970703,16.2760009765625,32.1473503112793,15.0600004196167,1.255154699707031,0.6992503112792967,5.076000976562501,3.8600004196167
0.5962,-0.22460802830338808,31.3971,11.3,32.635215759277344,16.2760009765625,32.0771484375,15.0600004196167,1.2381157592773455,0.6800484375000018,4.976000976562499,3.7600004196166985
0.6046,-0.21853185715820167,31.3556,11.5,32.58592987060547,16.200000762939453,32.03618240356445,14.831999778747559,1.2303298706054697,0.6805824035644541,4.700000762939453,3.3319997787475586
0.6131,-0.21246868387276577,31.3269,11.7,32.57392883300781,16.04800033569336,32.02445983886719,14.831999778747559,1.247028833007814,0.6975598388671891,4.34800033569336,3.1319997787475593
0.6215,-0.2065588670223364,31.3061,11.8,32.57466125488281,15.972000122070312,32.034568786621094,14.755999565124512,1.2685612548828118,0.728468786621093,4.172000122070312,2.955999565124511
0.63,-0.2006594505464183,31.2969,11.9,32.59387969970703,15.895999908447266,32.0608024597168,14.755999565124512,1.2969796997070304,0.763902459716796,3.9959999084472653,2.8559995651245114
0.6385,-0.19483909840056593,31.294,12.1,32.62023162841797,15.972000122070312,32.08959197998047,14.755999565124512,1.3262316284179683,0.7955919799804683,3.872000122070313,2.655999565124512
0.6469,-0.18916284885951165,31.2998,12.2,32.595951080322266,15.895999908447266,32.11271286010742,14.755999565124512,1.2961510803222644,0.8129128601074207,3.6959999084472663,2.5559995651245124
0.6554,-0.183493562953643,31.3132,12.4,32.56782150268555,15.819999694824219,32.1351318359375,14.755999565124512,1.2546215026855485,0.8219318359375016,3.4199996948242184,2.3559995651245114
0.6638,-0.1779627519274149,31.3321,12.5,32.57051467895508,15.895999908447266,32.15601348876953,14.755999565124512,1.2384146789550776,0.8239134887695307,3.3959999084472656,2.2559995651245117
0.6723,-0.17243688874527635,31.3579,12.6,32.5650749206543,15.895999908447266,32.21223831176758,14.755999565124512,1.207174920654296,0.8543383117675774,3.295999908447266,2.155999565124512
0.6807,-0.1670442493954016,31.3898,12.7,32.58695602416992,15.895999908447266,32.30009078979492,14.755999565124512,1.1971560241699208,0.9102907897949208,3.1959999084472663,2.0559995651245124
0.6892,-0.16165473122400909,31.4269,12.9,32.623809814453125,15.895999908447266,32.38408279418945,14.755999565124512,1.1969098144531252,0.9571827941894533,2.9959999084472653,1.8559995651245114
0.6976,-0.1563935280754892,31.4686,13.0,32.66338348388672,15.819999694824219,32.45895004272461,14.755999565124512,1.1947834838867202,0.9903500427246108,2.8199996948242188,1.7559995651245117
0.7061,-0.15113378850522066,31.5152,13.1,32.71770477294922,15.895999908447266,32.54099655151367,14.755999565124512,1.2025047729492186,1.0257965515136718,2.795999908447266,1.655999565124512
0.7167,-0.14466259553045968,31.5804,13.2,32.80486297607422,15.895999908447266,32.672245025634766,14.755999565124512,1.2244629760742178,1.0918450256347647,2.6959999084472663,1.5559995651245124
0.7274,-0.13822670328130687,31.6522,13.4,32.92241287231445,15.895999908447266,32.829978942871094,14.755999565124512,1.2702128723144526,1.1777789428710932,2.4959999084472653,1.3559995651245114
0.738,-0.13194363817695845,31.7292,13.5,33.0252685546875,15.895999908447266,33.004573822021484,14.755999565124512,1.2960685546875013,1.2753738220214856,2.3959999084472656,1.2559995651245117
0.7486,-0.1257501772215969,31.8125,13.6,33.113670349121094,15.819999694824219,33.153282165527344,14.755999565124512,1.3011703491210938,1.3407821655273438,2.219999694824219,1.155999565124512
0.7593,-0.11958660012208334,31.9021,13.7,33.193119049072266,15.819999694824219,33.230873107910156,14.755999565124512,1.2910190490722648,1.3287731079101555,2.1199996948242195,1.0559995651245124
0.7699,-0.11356568037106168,31.995,13.9,33.251224517822266,15.744000434875488,33.245628356933594,14.755999565124512,1.2562245178222646,1.2506283569335928,1.844000434875488,0.8559995651245114
0.7806,-0.10757145305477013,32.0927,14.0,33.329612731933594,15.668000221252441,33.29936218261719,14.755999565124512,1.236912731933593,1.2066621826171868,1.6680002212524414,0.7559995651245117
0.7912,-0.101713721410877,32.1948,14.1,33.47093200683594,15.744000434875488,33.359615325927734,14.755999565124512,1.2761320068359367,1.1648153259277336,1.6440004348754886,0.6559995651245121
0.8018,-0.0959339480854972,32.3009,14.2,33.59877395629883,15.744000434875488,33.43753433227539,14.755999565124512,1.2978739562988295,1.136634332275392,1.544000434875489,0.5559995651245124
0.8125,-0.09017663034908802,32.4108,14.3,33.723148345947266,15.819999694824219,33.51716995239258,14.755999565124512,1.3123483459472638,1.1063699523925763,1.519999694824218,0.455999565124511
0.8231,-0.08454739831152121,32.5243,14.4,33.83417892456055,15.819999694824219,33.601104736328125,14.831999778747559,1.3098789245605502,1.0768047363281283,1.4199996948242184,0.43199977874755824
0.8337,-0.07899019850296567,32.6411,14.5,33.963722229003906,15.819999694824219,33.71046447753906,14.831999778747559,1.3226222290039047,1.069364477539061,1.3199996948242188,0.3319997787475586
0.8444,-0.0734517753643812,32.761,14.6,34.113834381103516,15.895999908447266,33.85823440551758,15.0600004196167,1.3528343811035128,1.0972344055175753,1.295999908447266,0.4600004196166996
0.855,-0.06803388527182737,32.8836,14.7,34.2690544128418,15.972000122070312,33.98399353027344,15.0600004196167,1.3854544128417956,1.1003935302734362,1.2720001220703132,0.36000041961669993
0.8657,-0.06263258248271039,33.0098,14.8,34.43144989013672,15.895999908447266,34.08843231201172,15.0600004196167,1.4216498901367203,1.0786323120117203,1.095999908447265,0.2600004196166985
0.8763,-0.05734718830678784,33.1392,14.9,34.62421798706055,15.895999908447266,34.185054779052734,15.0600004196167,1.4850179870605444,1.045854779052732,0.9959999084472653,0.16000041961669886
0.8869,-0.052125345102301816,33.2698,14.9,34.7490234375,15.895999908447266,34.2709846496582,14.831999778747559,1.4792234375000035,1.0011846496582066,0.9959999084472653,-0.06800022125244176
0.8976,-0.04691715608791384,33.4032,15.0,34.821571350097656,15.819999694824219,34.3529052734375,14.831999778747559,1.418371350097658,0.9497052734375018,0.8199996948242188,-0.1680002212524414
0.9082,-0.041818502435052154,33.5389,15.1,34.8984375,15.744000434875488,34.44736099243164,14.831999778747559,1.3595375000000018,0.9084609924316425,0.6440004348754886,-0.26800022125244105
1.1102,0.04540122299584186,36.4394,16.1,37.80598831176758,16.124000549316406,37.58236312866211,15.819999694824219,1.366588311767579,1.1429631286621103,0.02400054931640483,-0.28000030517578267
1.3122,0.11800003342128071,39.6098,16.6,41.31072235107422,15.895999908447266,41.182437896728516,14.984000205993652,1.7009223510742189,1.5726378967285157,-0.7040000915527358,-1.615999794006349
1.5143,0.1802119223489413,42.7264,16.8,44.546043395996094,15.744000434875488,44.24546432495117,15.819999694824219,1.8196433959960956,1.5190643249511737,-1.0559995651245124,-0.980000305175782
1.7163,0.23459320248533047,45.6353,16.8,47.41166687011719,15.668000221252441,47.012428283691406,15.668000221252441,1.7763668701171866,1.3771282836914054,-1.1319997787475593,-1.1319997787475593
1.9184,0.28293916575477346,48.2856,16.8,50.05375671386719,15.819999694824219,50.26958465576172,15.363999366760254,1.7681567138671852,1.9839846557617165,-0.980000305175782,-1.4360006332397468
2.1204,0.32641779555438893,50.6763,16.7,52.68791580200195,15.895999908447266,52.56751251220703,16.200000762939453,2.0116158020019554,1.8912125122070336,-0.8040000915527337,-0.49999923706054616
2.3224,0.36593702282361734,52.8272,16.6,54.82988357543945,15.819999694824219,54.1102409362793,15.819999694824219,2.0026835754394554,1.2830409362792992,-0.7800003051757827,-0.7800003051757827
2.5245,0.40217537503150513,54.7643,16.5,56.457244873046875,15.668000221252441,55.93284606933594,15.819999694824219,1.6929448730468764,1.1685460693359389,-0.8319997787475586,-0.6800003051757812
2.5351,0.4039950952636807,54.8609,16.5,56.54631423950195,15.668000221252441,56.022029876708984,15.819999694824219,1.6854142395019522,1.1611298767089835,-0.8319997787475586,-0.6800003051757812
2.5458,0.40582428215025945,54.9572,16.4,56.64387512207031,15.668000221252441,56.1128044128418,15.819999694824219,1.6866751220703122,1.1556044128417966,-0.7319997787475572,-0.5800003051757798
2.5564,0.40762880887651814,55.0525,16.4,56.744239807128906,15.744000434875488,56.20374298095703,15.819999694824219,1.6917398071289043,1.1512429809570293,-0.6559995651245103,-0.5800003051757798
2.567,0.40942586867144337,55.1475,16.4,56.846134185791016,15.744000434875488,56.29591369628906,15.819999694824219,1.6986341857910148,1.1484136962890616,-0.6559995651245103,-0.5800003051757798
2.5777,0.41123237154106945,55.2418,16.4,56.949459075927734,15.744000434875488,56.38894271850586,15.819999694824219,1.7076590759277366,1.1471427185058616,-0.6559995651245103,-0.5800003051757798
2.5883,0.4130146123342463,55.3357,16.4,57.054691314697266,15.744000434875488,56.482872009277344,15.819999694824219,1.7189913146972629,1.147172009277341,-0.6559995651245103,-0.5800003051757798
2.5989,0.41478956911866754,55.429,16.4,57.164337158203125,15.744000434875488,56.57688903808594,15.819999694824219,1.735337158203123,1.1478890380859355,-0.6559995651245103,-0.5800003051757798
2.6096,0.41657394369620054,55.5219,16.4,57.27569580078125,15.819999694824219,56.67103576660156,15.819999694824219,1.7537958007812477,1.1491357666015602,-0.5800003051757798,-0.5800003051757798
2.6202,0.41833444230498373,55.6143,16.4,57.38802719116211,15.819999694824219,56.765567779541016,15.819999694824219,1.7737271911621093,1.1512677795410156,-0.5800003051757798,-0.5800003051757798
2.6308,0.4200878331872186,55.7062,16.4,57.502071380615234,15.819999694824219,56.86115264892578,15.819999694824219,1.7958713806152318,1.1549526489257786,-0.5800003051757798,-0.5800003051757798
2.6414,0.42183417350477853,55.7977,16.4,57.612857818603516,15.895999908447266,56.95878601074219,15.819999694824219,1.8151578186035167,1.1610860107421885,-0.504000091552733,-0.5800003051757798
2.6521,0.4235898955356787,55.8887,16.4,57.72209548950195,15.972000122070312,57.06011199951172,15.819999694824219,1.833395489501953,1.1714119995117187,-0.4279998779296861,-0.5800003051757798
2.6627,0.42532223828124976,55.9792,16.4,57.830894470214844,16.04800033569336,57.16449737548828,15.819999694824219,1.851694470214845,1.1852973754882825,-0.3519996643066392,-0.5800003051757798
2.6733,0.4270476983875746,56.0693,16.4,57.943355560302734,16.124000549316406,57.26814270019531,15.819999694824219,1.874055560302736,1.1988427001953141,-0.27599945068359233,-0.5800003051757798
2.684,0.4287825114969545,56.159,16.4,58.056602478027344,16.200000762939453,57.36949157714844,15.819999694824219,1.8976024780273448,1.2104915771484386,-0.19999923706054545,-0.5800003051757798
2.6946,0.4304943054463584,56.2482,16.4,58.16651916503906,16.2760009765625,57.468204498291016,16.42799949645996,1.9183191650390654,1.2200044982910185,-0.12399902343749858,0.02799949645996236
2.7052,0.4321993787533051,56.3369,16.4,58.27152633666992,16.2760009765625,57.564659118652344,16.42799949645996,1.934626336669922,1.2277591186523438,-0.12399902343749858,0.02799949645996236
2.7159,0.4339137750901573,56.4253,16.4,58.374717712402344,16.2760009765625,57.663082122802734,16.42799949645996,1.9494177124023437,1.2377821228027344,-0.12399902343749858,0.02799949645996236
2.7265,0.4356055020228401,56.4694,18.6,58.43684768676758,16.352001190185547,57.69034957885742,16.42799949645996,1.9674476867675779,1.2209495788574216,-2.2479988098144545,-2.1720005035400405
2.9286,0.46666005804016486,57.1948,18.6,59.10084915161133,15.972000122070312,58.25326919555664,15.4399995803833,1.9060491516113274,1.0584691955566399,-2.627999877929689,-3.1600004196167006
3.1306,0.49562758090649056,57.8377,18.6,59.64679718017578,15.744000434875488,58.94859313964844,15.819999694824219,1.8090971801757831,1.1108931396484394,-2.855999565124513,-2.7800003051757827
3.3327,0.5227962214887675,58.4115,18.6,60.27924346923828,14.984000205993652,59.63648223876953,15.819999694824219,1.8677434692382846,1.2249822387695346,-3.615999794006349,-2.7800003051757827
3.5347,0.5483525598943368,58.9267,18.6,60.99184036254883,15.668000221252441,60.22275924682617,15.819999694824219,2.0651403625488314,1.2960592468261751,-2.93199977874756,-2.7800003051757827
3.7367,0.5724882320282529,59.3921,18.6,61.6228141784668,15.744000434875488,60.76084518432617,15.4399995803833,2.2307141784667976,1.3687451843261726,-2.855999565124513,-3.1600004196167006
3.9388,0.595363929247437,59.8144,18.6,61.949527740478516,15.819999694824219,61.39086151123047,15.4399995803833,2.1351277404785165,1.5764615112304696,-2.7800003051757827,-3.1600004196167006
4.1408,0.6170842546525875,60.1995,18.6,62.39139938354492,15.895999908447266,61.806339263916016,15.819999694824219,2.1918993835449214,1.6068392639160152,-2.704000091552736,-2.7800003051757827
4.3429,0.6377798293741583,60.5521,18.6,62.602882385253906,15.819999694824219,62.03177261352539,15.819999694824219,2.0507823852539033,1.4796726135253877,-2.7800003051757827,-2.7800003051757827
4.5449,0.6575243320187192,60.876,18.6,62.85176467895508,16.503999710083008,62.43202209472656,15.819999694824219,1.9757646789550805,1.5560220947265648,-2.0960002899169936,-2.7800003051757827
4.7469,0.6764100828020682,61.1748,18.6,63.337745666503906,16.503999710083008,63.05476379394531,15.819999694824219,2.1629456665039086,1.8799637939453149,-2.0960002899169936,-2.7800003051757827
4.949,0.6945174538111563,61.4511,18.6,63.463584899902344,15.819999694824219,63.23775863647461,15.4399995803833,2.012484899902347,1.7866586364746126,-2.7800003051757827,-3.1600004196167006
5.151,0.7118915498805789,61.7076,18.6,63.66826629638672,15.744000434875488,63.286407470703125,15.212000846862793,1.9606662963867194,1.5788074707031257,-2.855999565124513,-3.3879991531372085
5.3531,0.7286053564121147,61.9462,18.6,64.0826187133789,15.668000221252441,63.313724517822266,15.4399995803833,2.1364187133789088,1.3675245178222681,-2.93199977874756,-3.1600004196167006
5.5551,0.744691881289,62.1687,18.6,64.81182098388672,15.819999694824219,63.61518096923828,15.819999694824219,2.6431209838867176,1.44648096923828,-2.7800003051757827,-2.7800003051757827
5.7571,0.7602037731534155,62.3767,18.6,64.78186798095703,15.895999908447266,63.8829460144043,15.819999694824219,2.4051679809570317,1.5062460144042973,-2.704000091552736,-2.7800003051757827
5.9592,0.7751879612661703,62.5716,18.6,64.5748291015625,15.819999694824219,63.964656829833984,15.4399995803833,2.0032291015625034,1.3930568298339878,-2.7800003051757827,-3.1600004196167006
6.1612,0.7896653067461109,62.7546,18.6,64.7230224609375,15.819999694824219,64.1752700805664,15.819999694824219,1.9684224609374965,1.4206700805664028,-2.7800003051757827,-2.7800003051757827
6.3633,0.8036823986838556,62.9268,18.6,65.07784271240234,15.819999694824219,64.35028076171875,15.819999694824219,2.1510427124023437,1.42348076171875,-2.7800003051757827,-2.7800003051757827
6.5653,0.8172545758737504,63.0891,18.6,65.48735046386719,16.04800033569336,64.6012954711914,15.819999694824219,2.3982504638671855,1.5121954711914043,-2.551999664306642,-2.7800003051757827
6.7673,0.8304154295434119,63.2423,18.6,65.6829833984375,16.04800033569336,64.7233657836914,15.819999694824219,2.4406833984375,1.481065783691406,-2.551999664306642,-2.7800003051757827
6.9694,0.8431953910240604,63.3871,18.6,65.5259780883789,15.895999908447266,64.77771759033203,15.4399995803833,2.1388780883789096,1.3906175903320346,-2.704000091552736,-3.1600004196167006
7.1714,0.8556039468704157,63.5243,18.6,65.52385711669922,15.668000221252441,64.86004638671875,15.819999694824219,1.999557116699222,1.3357463867187533,-2.93199977874756,-2.7800003051757827
7.3735,0.8676736845850955,63.6544,18.6,65.6078109741211,15.515999794006348,65.11518096923828,15.819999694824219,1.9534109741210912,1.4607809692382787,-3.0840002059936538,-2.7800003051757827
7.5755,0.8794113025307375,63.778,18.6,65.73615264892578,15.363999366760254,65.34852600097656,15.4399995803833,1.9581526489257826,1.5705260009765638,-3.2360006332397475,-3.1600004196167006
7.7776,0.890845603730467,63.8955,18.6,65.87649536132812,14.907999992370605,65.36170196533203,14.831999778747559,1.9809953613281266,1.4662019653320328,-3.692000007629396,-3.768000221252443
7.9796,0.9019811216581559,64.0073,18.6,66.04137420654297,14.984000205993652,65.41673278808594,14.831999778747559,2.034074206542968,1.4094327880859367,-3.615999794006349,-3.768000221252443
8.1816,0.9128382429404972,64.114,18.6,66.09427642822266,15.0600004196167,65.60362243652344,15.0600004196167,1.980276428222652,1.4896224365234332,-3.539999580383302,-3.539999580383302
8.3837,0.9234357292441786,64.2157,18.6,66.25069427490234,15.212000846862793,65.7793197631836,15.819999694824219,2.0349942749023455,1.5636197631835955,-3.3879991531372085,-2.7800003051757827
8.5857,0.9337757093681113,64.313,18.6,66.46881866455078,16.352001190185547,65.87664031982422,15.819999694824219,2.155818664550779,1.5636403198242164,-2.2479988098144545,-2.7800003051757827
8.7878,0.9438801643289488,64.406,18.6,66.56175994873047,16.352001190185547,66.00637817382812,15.819999694824219,2.155759948730463,1.600378173828119,-2.2479988098144545,-2.7800003051757827
8.9898,0.95375002990202,64.495,18.6,66.67448425292969,15.819999694824219,66.11869049072266,15.819999694824219,2.179484252929683,1.6236904907226517,-2.7800003051757827,-2.7800003051757827
9.1918,0.9634005661761672,64.5802,18.6,66.67060089111328,15.668000221252441,66.18660736083984,15.819999694824219,2.0904008911132763,1.6064073608398388,-2.93199977874756,-2.7800003051757827
9.3939,0.9728459327176424,64.662,18.6,66.67854309082031,15.668000221252441,66.23921966552734,15.819999694824219,2.0165430908203064,1.5772196655273376,-2.93199977874756,-2.7800003051757827
9.5959,0.9820857134856137,64.7405,18.6,66.7701416015625,15.668000221252441,66.41696166992188,15.819999694824219,2.0296416015625027,1.6764616699218777,-2.93199977874756,-2.7800003051757827
9.798,0.9911374351203118,64.8159,18.6,67.08555603027344,15.744000434875488,66.68116760253906,15.819999694824219,2.2696560302734383,1.8652676025390633,-2.855999565124513,-2.7800003051757827
10.0,1.0,64.8884,18.6,67.26789855957031,15.819999694824219,67.0113296508789,15.819999694824219,2.379498559570308,2.122929650878902,-2.7800003051757827,-2.7800003051757827
